employee_id,name,branch_id,role,hiring_date,salary
1,Richard Rodriguez,30,Customer Service,09-11-2016,62479
2,Robert Rodriguez,136,Relationship Manager,04-08-2010,50855
3,Arjun Rodriguez,35,Customer Service,12-02-2020,94948
4,Arjun Singh,146,Loan Officer,11-02-2022,40756
5,Robert Joshi,29,Customer Service,09-05-2010,155016
6,Barbara Joshi,83,Loan Officer,02-06-2022,175507
7,Elizabeth Chopra,119,Loan Officer,26-10-2002,120049
8,Arjun Miller,12,Branch Manager,23-09-2002,176937
9,Rahul Pillai,11,Teller,02-04-2025,38448
10,Rahul Reddy,128,Teller,06-08-2014,124146
11,Kiran Reddy,10,Loan Officer,15-06-2011,95322
12,Sanjay Kumar,93,Teller,16-12-2003,70159
13,Susan Malhotra,141,Loan Officer,06-05-2007,75389
14,Robert Pillai,93,Customer Service,09-06-2017,110867
15,Vikram Rao,73,Relationship Manager,17-04-2023,125530
16,Deepak Mehta,63,Teller,12-05-2010,52929
17,Ajay Chopra,96,Customer Service,23-07-2011,121413
18,Elizabeth Davis,86,Loan Officer,24-02-2004,168834
19,Elizabeth Martinez,76,Teller,10-02-2002,29580
20,Mary Mehta,24,Teller,16-02-2011,161510
21,Jennifer Johnson,100,Teller,21-09-2014,120369
22,Priya Martinez,111,Teller,26-08-2002,80017
23,Priya Kumar,107,Teller,20-05-2010,139697
24,Jessica Menon,12,Loan Officer,21-04-2016,121903
25,Richard Nair,106,Branch Manager,10-08-2020,144846
26,Ritu Verma,110,Teller,07-11-2023,40355
27,Charles Patel,28,Teller,25-08-2008,36964
28,Manoj Singh,128,Teller,27-03-2022,125586
29,Ajay Reddy,79,Branch Manager,14-08-2017,74156
30,Susan Smith,71,Teller,15-12-2006,64217
31,William Reddy,109,Branch Manager,31-05-2017,92033
32,Ajay Gupta,77,Teller,02-01-2004,138232
33,Neha Kumar,82,Teller,31-05-2011,55325
34,Barbara Desai,47,Relationship Manager,16-10-2007,175925
35,Vikram Pillai,140,Teller,24-03-2025,91951
36,Rohan Mehta,146,Teller,20-11-2000,50888
37,Deepak Sharma,20,Teller,10-10-2021,38811
38,David Patel,110,Compliance Officer,23-02-2007,158304
39,Meera Garcia,4,Customer Service,02-12-2000,45209
40,Kiran Pillai,56,Customer Service,10-10-2016,91682
41,Linda Chatterjee,146,Compliance Officer,26-03-2017,129641
42,Michael Chatterjee,27,Teller,13-08-2003,105990
43,Rohan Martinez,57,Compliance Officer,21-12-2000,67911
44,Mary Martinez,33,Teller,23-05-2010,44405
45,Richard Chatterjee,110,Customer Service,13-05-2003,136133
46,Sarah Reddy,70,Loan Officer,20-12-2001,102523
47,Ajay Kumar,89,Loan Officer,19-01-2020,35312
48,Meera Iyer,142,Relationship Manager,25-03-2022,55542
49,Michael Patel,79,Teller,21-03-2018,113530
50,Anjali Mehta,111,Compliance Officer,30-12-2023,53594
51,Patricia Bose,15,Loan Officer,14-11-2023,87500
52,Pooja Sharma,33,Customer Service,08-03-2001,46927
53,Ritu Bose,143,Compliance Officer,09-09-2008,149139
54,Anjali Davis,129,Teller,26-04-2019,123822
55,Elizabeth Gupta,99,Relationship Manager,18-08-2008,147160
56,Anjali Joshi,57,Customer Service,25-09-2018,35972
57,Robert Pillai,30,Customer Service,05-09-2019,85085
58,Rohan Joshi,128,Teller,03-05-2025,68677
59,Karen Martinez,118,Branch Manager,20-05-2008,122652
60,Richard Chatterjee,37,Customer Service,03-11-2008,152867
61,James Pillai,89,Loan Officer,13-08-2000,62587
62,Sanjay Menon,93,Teller,04-04-2007,144999
63,Susan Smith,72,Teller,07-07-2011,116221
64,Arjun Chopra,140,Relationship Manager,14-09-2010,153256
65,Thomas Menon,19,Teller,08-10-2021,40352
66,Jessica Chopra,39,Customer Service,01-09-2019,178620
67,Anjali Miller,15,Compliance Officer,08-07-2018,94059
68,Patricia Chopra,104,Teller,18-02-2000,70572
69,Pooja Brown,97,Teller,27-12-2011,55774
70,Pooja Iyer,149,Customer Service,17-07-2018,177706
71,Jessica Mehta,82,Teller,20-03-2006,162273
72,David Patel,23,Customer Service,18-10-2010,47941
73,James Singh,68,Customer Service,23-06-2018,95624
74,Kiran Davis,14,Customer Service,11-03-2020,139497
75,Kiran Mehta,101,Loan Officer,19-09-2021,117797
76,Elizabeth Kapoor,102,Customer Service,03-12-2010,56733
77,Mary Kapoor,129,Customer Service,01-03-2010,82778
78,Jennifer Rodriguez,51,Teller,22-09-2009,83956
79,John Martinez,47,Customer Service,30-08-2010,71888
80,Ritu Davis,11,Relationship Manager,04-03-2010,174026
81,Anjali Patel,63,Customer Service,11-04-2004,58843
82,Michael Rao,72,Loan Officer,28-02-2012,135404
83,Pooja Sharma,114,Teller,11-01-2006,166604
84,Linda Gupta,114,Teller,04-05-2013,148811
85,Jessica Rodriguez,22,Teller,02-08-2022,149518
86,Sneha Miller,43,Teller,19-09-2019,52139
87,Rahul Kapoor,77,Compliance Officer,24-02-2012,48255
88,Suresh Bose,51,Teller,04-11-2024,147003
89,Mary Rodriguez,4,Relationship Manager,29-11-2024,141502
90,William Chatterjee,127,Teller,18-04-2011,140767
91,Barbara Rao,110,Teller,28-05-2019,91616
92,Richard Garcia,79,Loan Officer,12-09-2008,107563
93,Meera Sharma,48,Teller,01-05-2022,30340
94,Sanjay Smith,127,Customer Service,30-06-2009,72236
95,Susan Johnson,6,Compliance Officer,25-07-2006,108311
96,Ajay Sharma,67,Relationship Manager,27-05-2003,47110
97,Anita Patel,121,Teller,01-06-2021,47767
98,Anita Malhotra,143,Customer Service,19-07-2007,34872
99,Sarah Jones,38,Teller,02-09-2020,59910
100,Jennifer Chatterjee,98,Relationship Manager,13-03-2002,178917
101,Kiran Davis,29,Branch Manager,16-11-2010,133798
102,James Jones,18,Teller,25-02-2011,172134
103,Linda Singh,53,Teller,02-04-2004,67085
104,Elizabeth Malhotra,133,Teller,20-10-2008,119025
105,Barbara Mehta,104,Teller,14-12-2011,163567
106,Jennifer Brown,74,Relationship Manager,02-03-2020,81508
107,James Brown,43,Customer Service,02-10-2011,127889
108,Arjun Verma,22,Compliance Officer,01-04-2006,133310
109,Ajay Patel,41,Teller,02-09-2006,154507
110,Robert Menon,23,Customer Service,21-07-2015,175360
111,Richard Rodriguez,29,Teller,27-01-2011,121508
112,Anita Garcia,104,Branch Manager,26-11-2022,116545
113,Kiran Pillai,20,Teller,06-03-2011,160065
114,Kavya Jones,8,Teller,29-05-2014,132047
115,Sanjay Smith,82,Customer Service,16-08-2001,82976
116,Amit Gupta,43,Teller,03-12-2004,123781
117,Sarah Gupta,69,Loan Officer,10-08-2021,111469
118,William Mehta,21,Customer Service,05-10-2008,62771
119,Suresh Desai,32,Teller,13-09-2010,106415
120,Divya Joshi,67,Relationship Manager,02-01-2015,122782
121,Mary Rodriguez,104,Branch Manager,21-06-2001,165376
122,Rahul Menon,63,Relationship Manager,15-11-2012,116231
123,Patricia Mehta,82,Customer Service,18-10-2008,53067
124,Pooja Williams,79,Customer Service,11-10-2003,178122
125,Manoj Pillai,41,Customer Service,19-08-2010,115865
126,Jennifer Jones,42,Relationship Manager,10-05-2011,71639
127,Sarah Rao,64,Customer Service,25-09-2004,142673
128,Jennifer Malhotra,5,Teller,20-10-2013,86474
129,Amit Davis,103,Teller,17-10-2006,84247
130,Kiran Rodriguez,93,Customer Service,25-07-2024,155594
131,Patricia Iyer,46,Teller,26-07-2015,159872
132,Thomas Desai,57,Teller,25-08-2019,107636
133,Ajay Miller,50,Teller,13-10-2001,84698
134,Richard Kapoor,98,Branch Manager,04-07-2019,159217
135,Jennifer Patel,114,Teller,18-01-2018,54342
136,Anita Brown,17,Customer Service,10-06-2020,141573
137,Anita Kumar,62,Customer Service,13-05-2006,116775
138,Arjun Bose,3,Relationship Manager,03-08-2006,157816
139,Richard Rao,68,Teller,06-07-2001,91926
140,Ajay Garcia,38,Branch Manager,19-05-2015,154468
141,Rohan Jones,51,Customer Service,03-06-2010,30308
142,Barbara Gupta,69,Loan Officer,03-02-2004,143256
143,Ajay Nair,49,Customer Service,16-01-2008,38615
144,Deepak Reddy,60,Teller,28-03-2010,125645
145,Anita Davis,115,Compliance Officer,14-04-2023,57682
146,Mary Nair,122,Teller,25-02-2003,174447
147,Sneha Rodriguez,1,Relationship Manager,21-09-2008,144938
148,Priya Singh,57,Customer Service,06-01-2006,43901
149,Michael Malhotra,128,Teller,26-06-2022,163590
150,Vikram Kapoor,80,Customer Service,10-02-2023,66295
151,Ritu Smith,31,Teller,29-08-2009,110937
152,Robert Menon,90,Customer Service,16-12-2018,40961
153,Rahul Smith,22,Customer Service,19-03-2019,44045
154,Jennifer Menon,4,Teller,30-04-2017,64679
155,Pooja Smith,95,Teller,27-09-2004,109231
156,Sarah Nair,78,Customer Service,04-04-2001,110520
157,James Brown,114,Teller,28-10-2008,158052
158,Ajay Williams,52,Relationship Manager,02-05-2003,53101
159,Michael Singh,129,Customer Service,06-06-2007,141920
160,Sneha Kumar,64,Customer Service,22-03-2016,28893
161,Linda Brown,111,Teller,18-12-2014,72246
162,Kiran Menon,16,Customer Service,28-04-2005,54601
163,Pooja Martinez,15,Relationship Manager,13-06-2000,46831
164,Divya Martinez,118,Teller,25-09-2005,116847
165,Sarah Rodriguez,126,Teller,23-07-2011,164903
166,Karen Patel,142,Teller,20-10-2019,129380
167,Neha Garcia,49,Loan Officer,12-04-2009,157821
168,Divya Gupta,4,Customer Service,08-04-2007,117899
169,Ritu Miller,147,Loan Officer,05-01-2014,36164
170,James Johnson,91,Customer Service,26-10-2001,80590
171,Arjun Verma,38,Teller,23-09-2005,153198
172,Robert Singh,115,Teller,11-05-2013,34719
173,Barbara Chopra,136,Teller,07-04-2011,42776
174,Ritu Sharma,43,Relationship Manager,07-09-2015,154737
175,David Martinez,116,Customer Service,15-01-2010,37619
176,Divya Malhotra,119,Loan Officer,04-05-2023,173835
177,Charles Singh,76,Customer Service,25-10-2002,143307
178,Elizabeth Bose,95,Teller,21-05-2023,129097
179,Susan Joshi,41,Teller,30-12-2004,109519
180,Rohan Bose,140,Teller,24-04-2006,41579
181,Sanjay Pillai,148,Compliance Officer,19-06-2013,91011
182,Sneha Gupta,148,Customer Service,29-09-2000,150779
183,Kiran Verma,111,Customer Service,03-04-2009,165387
184,Suresh Martinez,7,Teller,11-12-2004,95941
185,Pooja Davis,55,Teller,06-04-2012,155574
186,Sneha Chopra,67,Customer Service,14-09-2020,146042
187,Barbara Kumar,144,Loan Officer,27-06-2023,36758
188,Thomas Bose,83,Relationship Manager,23-05-2005,122266
189,Robert Garcia,81,Customer Service,06-11-2013,121645
190,Jessica Iyer,23,Loan Officer,22-01-2012,110517
191,Deepak Miller,120,Customer Service,20-07-2010,145384
192,Sarah Desai,51,Compliance Officer,30-01-2016,163203
193,Robert Rodriguez,14,Loan Officer,22-02-2025,111674
194,Neha Jones,149,Customer Service,19-04-2010,76698
195,Ajay Rao,29,Relationship Manager,28-08-2001,177416
196,Suresh Desai,3,Teller,12-04-2023,174471
197,Barbara Joshi,12,Relationship Manager,09-09-2023,132279
198,Charles Williams,68,Teller,11-03-2008,125376
199,Rohan Martinez,16,Customer Service,30-09-2012,43829
200,David Jones,127,Customer Service,03-12-2021,89045
201,Barbara Martinez,77,Customer Service,24-03-2012,58141
202,Elizabeth Reddy,49,Loan Officer,07-06-2023,106263
203,Meera Rodriguez,1,Customer Service,23-01-2021,153589
204,Pooja Williams,72,Teller,22-11-2012,62128
205,Ritu Nair,23,Teller,08-02-2004,179507
206,Manoj Johnson,147,Teller,11-03-2017,47688
207,Ajay Miller,44,Customer Service,04-12-2006,42947
208,Robert Smith,72,Loan Officer,27-08-2013,176119
209,Anjali Williams,3,Teller,28-09-2016,43250
210,John Patel,20,Relationship Manager,28-02-2002,139747
211,Karen Chatterjee,32,Loan Officer,24-06-2014,144034
212,Sneha Malhotra,8,Loan Officer,29-09-2018,78176
213,Joseph Williams,109,Loan Officer,12-06-2005,37781
214,Jennifer Johnson,142,Teller,08-12-2013,74889
215,Linda Sharma,148,Customer Service,11-01-2018,38421
216,Manoj Kapoor,40,Loan Officer,15-02-2001,130180
217,Susan Chopra,119,Teller,15-05-2016,163100
218,Richard Bose,76,Compliance Officer,08-08-2006,179556
219,Deepak Sharma,7,Relationship Manager,05-02-2010,149668
220,Jennifer Garcia,14,Customer Service,20-06-2016,145744
221,Deepak Smith,83,Relationship Manager,10-02-2000,161997
222,Deepak Jones,64,Relationship Manager,08-05-2011,145020
223,Sneha Johnson,2,Teller,20-02-2024,126878
224,Michael Chatterjee,140,Customer Service,26-02-2000,179430
225,Michael Rodriguez,110,Customer Service,18-01-2020,77025
226,Barbara Bose,76,Teller,27-11-2001,90739
227,Amit Reddy,149,Teller,04-06-2012,165759
228,Michael Reddy,146,Teller,11-12-2010,75275
229,Charles Patel,147,Customer Service,24-11-2011,73405
230,Robert Bose,39,Customer Service,30-01-2002,51116
231,Priya Johnson,133,Customer Service,25-02-2019,69877
232,James Williams,76,Teller,03-01-2007,118233
233,Rahul Gupta,109,Teller,06-08-2019,162732
234,John Verma,129,Loan Officer,28-08-2016,48712
235,Linda Reddy,25,Branch Manager,04-01-2014,131485
236,Linda Chopra,68,Relationship Manager,04-11-2007,144483
237,Ritu Rao,20,Relationship Manager,29-07-2016,164142
238,John Davis,42,Relationship Manager,10-05-2025,142007
239,Sarah Martinez,63,Relationship Manager,18-06-2023,51696
240,Sneha Chopra,129,Compliance Officer,16-04-2023,102314
241,Rohan Miller,130,Loan Officer,01-08-2005,172749
242,Arjun Nair,59,Teller,16-11-2014,166078
243,Divya Reddy,50,Teller,09-02-2010,121136
244,Thomas Chopra,80,Loan Officer,29-07-2024,174404
245,Manoj Kumar,137,Teller,23-02-2024,129541
246,Susan Patel,147,Teller,22-01-2022,37863
247,Meera Martinez,35,Compliance Officer,19-02-2004,166937
248,Anita Verma,28,Teller,08-02-2008,53558
249,Pooja Gupta,107,Compliance Officer,28-01-2018,85874
250,Suresh Miller,46,Customer Service,19-01-2019,64191
251,Divya Mehta,30,Customer Service,24-06-2003,137375
252,Ritu Miller,5,Customer Service,24-06-2003,32557
253,Rohan Kapoor,61,Teller,25-05-2017,125331
254,Mary Chopra,59,Customer Service,18-07-2011,159385
255,Anita Pillai,85,Teller,24-06-2012,147738
256,Linda Brown,31,Relationship Manager,05-06-2000,74662
257,Anjali Chopra,108,Teller,06-03-2019,164335
258,Elizabeth Williams,103,Teller,20-12-2006,83030
259,Elizabeth Sharma,70,Customer Service,01-09-2023,131369
260,David Garcia,28,Customer Service,12-04-2024,105014
261,Neha Jones,77,Loan Officer,05-10-2012,38281
262,Amit Garcia,102,Customer Service,10-01-2008,28446
263,Kiran Johnson,56,Teller,04-12-2005,55837
264,Sarah Bose,40,Customer Service,11-08-2004,170067
265,Barbara Johnson,76,Teller,24-05-2025,173004
266,John Verma,54,Teller,06-10-2004,90336
267,James Singh,61,Teller,06-03-2012,175234
268,Jessica Menon,53,Teller,05-04-2017,35517
269,Deepak Chatterjee,46,Teller,01-06-2021,175046
270,Rohan Jones,108,Loan Officer,07-03-2014,63099
271,Anjali Menon,70,Teller,07-04-2019,33593
272,Robert Kapoor,70,Teller,27-05-2014,143195
273,Patricia Garcia,98,Branch Manager,07-02-2011,86132
274,Ritu Patel,55,Teller,04-01-2004,72434
275,Robert Joshi,16,Customer Service,21-04-2005,143470
276,John Verma,128,Relationship Manager,28-12-2010,78625
277,Thomas Garcia,9,Loan Officer,03-03-2001,142438
278,Deepak Desai,86,Relationship Manager,15-01-2008,57677
279,Kavya Pillai,40,Teller,04-10-2011,41058
280,Robert Menon,33,Teller,05-01-2012,77388
281,Ritu Pillai,7,Customer Service,15-09-2020,120642
282,Ritu Desai,136,Customer Service,04-08-2024,62196
283,Divya Patel,65,Relationship Manager,18-07-2018,49716
284,Deepak Garcia,52,Teller,08-01-2002,141870
285,Elizabeth Mehta,112,Customer Service,21-05-2010,102967
286,Meera Miller,6,Loan Officer,20-07-2018,93581
287,Susan Iyer,85,Teller,11-02-2015,64432
288,Divya Kapoor,75,Teller,20-08-2011,30689
289,Amit Pillai,84,Compliance Officer,01-02-2011,36080
290,Sanjay Rodriguez,19,Teller,26-04-2010,131587
291,Vikram Davis,143,Relationship Manager,19-09-2014,40162
292,Neha Chopra,36,Customer Service,17-07-2004,65533
293,Vikram Smith,102,Customer Service,25-02-2013,166455
294,Sanjay Reddy,113,Customer Service,26-03-2005,80284
295,Pooja Chopra,52,Relationship Manager,22-04-2017,141186
296,Jennifer Reddy,20,Teller,23-12-2021,80185
297,Manoj Verma,45,Teller,06-11-2009,169637
298,Rohan Bose,122,Customer Service,27-11-2023,152923
299,Susan Verma,136,Loan Officer,06-10-2016,99438
300,Rohan Kumar,141,Teller,17-11-2010,132030
301,Ajay Patel,34,Teller,27-05-2000,90820
302,Suresh Smith,91,Teller,18-08-2005,171549
303,Ritu Nair,23,Teller,03-01-2006,82477
304,Charles Johnson,107,Teller,02-05-2018,155141
305,Divya Joshi,63,Relationship Manager,21-09-2012,121678
306,Jessica Mehta,108,Teller,31-05-2025,125840
307,Kavya Verma,103,Compliance Officer,27-09-2013,81437
308,Neha Iyer,149,Compliance Officer,14-12-2022,154596
309,David Mehta,74,Teller,14-01-2014,141433
310,David Davis,52,Customer Service,06-02-2009,151924
311,John Rodriguez,80,Customer Service,28-02-2018,149800
312,Jennifer Gupta,25,Customer Service,04-06-2011,51956
313,Sarah Davis,17,Teller,24-12-2006,161128
314,Karen Chopra,78,Teller,10-01-2012,155960
315,Michael Brown,124,Teller,24-11-2016,64905
316,Sarah Bose,80,Customer Service,18-07-2009,177211
317,Sneha Sharma,118,Compliance Officer,22-11-2017,108107
318,Elizabeth Reddy,27,Customer Service,03-12-2024,76930
319,Susan Jones,68,Customer Service,14-06-2010,61963
320,Jessica Verma,92,Compliance Officer,03-07-2007,83436
321,Anita Chopra,53,Customer Service,22-03-2010,33708
322,Jessica Rodriguez,3,Teller,21-04-2021,132987
323,Pooja Brown,12,Relationship Manager,18-07-2004,135589
324,Susan Nair,140,Loan Officer,29-09-2024,129502
325,Sarah Jones,91,Teller,10-07-2010,111445
326,Jessica Martinez,40,Branch Manager,22-05-2021,83137
327,Linda Patel,39,Relationship Manager,31-12-2019,138036
328,Kavya Reddy,6,Teller,30-11-2019,160450
329,Elizabeth Kapoor,142,Loan Officer,06-02-2023,41318
330,Richard Singh,17,Teller,11-09-2004,86197
331,Divya Chatterjee,114,Teller,01-02-2015,179319
332,Kiran Johnson,37,Teller,08-07-2002,159019
333,Arjun Sharma,51,Customer Service,11-08-2007,179140
334,Deepak Smith,42,Relationship Manager,11-01-2001,55860
335,Suresh Smith,124,Teller,04-05-2017,98679
336,Karen Miller,5,Teller,12-06-2015,47813
337,Sanjay Rao,53,Teller,23-10-2018,159640
338,Susan Desai,42,Teller,23-06-2004,106860
339,Charles Malhotra,41,Customer Service,10-06-2008,65022
340,Rohan Kapoor,29,Customer Service,10-03-2017,41729
341,Ajay Malhotra,137,Customer Service,05-07-2022,140110
342,Ritu Garcia,57,Loan Officer,15-11-2001,151400
343,Anita Chatterjee,63,Customer Service,25-03-2010,161642
344,Neha Desai,58,Teller,20-10-2020,175649
345,William Williams,148,Teller,15-02-2003,151829
346,Divya Iyer,51,Relationship Manager,19-12-2003,147520
347,Priya Bose,52,Customer Service,22-05-2000,151389
348,Rohan Iyer,50,Relationship Manager,04-05-2022,179802
349,Sanjay Chatterjee,50,Relationship Manager,25-02-2011,98380
350,Vikram Pillai,14,Customer Service,20-10-2010,143303
351,John Iyer,91,Relationship Manager,08-06-2016,152638
352,Barbara Johnson,4,Loan Officer,27-12-2006,45674
353,Linda Sharma,34,Teller,22-07-2017,132987
354,Pooja Miller,31,Teller,27-11-2010,79502
355,Mary Iyer,44,Teller,06-12-2006,48132
356,William Rao,114,Teller,13-01-2010,53895
357,Sneha Patel,90,Loan Officer,27-02-2000,45356
358,Kavya Garcia,149,Customer Service,30-08-2007,164457
359,Anita Martinez,53,Customer Service,12-01-2015,145332
360,Suresh Singh,140,Customer Service,04-07-2003,43526
361,Deepak Smith,7,Teller,05-01-2003,123070
362,Jennifer Miller,76,Customer Service,01-09-2016,128385
363,Ajay Desai,120,Loan Officer,19-11-2010,106945
364,Vikram Williams,80,Teller,22-06-2003,120128
365,Neha Gupta,140,Teller,03-01-2019,165903
366,Patricia Miller,48,Teller,16-09-2019,106865
367,Vikram Brown,5,Teller,18-11-2000,128257
368,Rahul Gupta,117,Relationship Manager,15-02-2005,114806
369,Amit Nair,11,Customer Service,30-05-2009,88214
370,Patricia Garcia,115,Customer Service,03-08-2018,163409
371,Rohan Williams,111,Teller,18-11-2001,90917
372,Kiran Jones,127,Relationship Manager,22-06-2020,149592
373,Rahul Kapoor,72,Customer Service,13-02-2008,119997
374,Jennifer Chatterjee,135,Teller,09-03-2003,132113
375,Ajay Garcia,26,Customer Service,10-12-2021,143561
376,Ajay Martinez,66,Loan Officer,16-03-2002,139862
377,Michael Sharma,19,Loan Officer,17-04-2003,113781
378,Divya Sharma,116,Teller,18-02-2024,121553
379,Thomas Davis,108,Branch Manager,16-03-2013,105331
380,Sneha Johnson,121,Teller,08-10-2011,79548
381,Charles Nair,115,Teller,20-06-2017,138488
382,Divya Sharma,47,Teller,07-01-2016,161589
383,Meera Sharma,11,Compliance Officer,05-08-2015,135200
384,Divya Davis,140,Teller,03-08-2000,145369
385,Kiran Joshi,74,Loan Officer,08-01-2014,154212
386,Kiran Mehta,15,Teller,31-01-2007,83838
387,Patricia Gupta,140,Relationship Manager,11-07-2020,37507
388,David Miller,150,Customer Service,04-11-2012,79310
389,Rahul Bose,67,Relationship Manager,22-02-2003,142752
390,Sneha Desai,116,Teller,10-07-2022,151989
391,John Smith,6,Teller,24-03-2007,106091
392,Patricia Joshi,14,Customer Service,24-11-2006,146345
393,Rohan Singh,42,Teller,18-10-2023,39353
394,Vikram Williams,99,Relationship Manager,14-09-2019,125907
395,Michael Chopra,21,Relationship Manager,04-11-2021,131209
396,Linda Brown,6,Loan Officer,30-10-2016,105191
397,Jennifer Johnson,101,Compliance Officer,21-02-2023,136914
398,Amit Brown,116,Customer Service,06-12-2002,102703
399,James Patel,111,Teller,01-04-2015,107591
400,Amit Mehta,120,Loan Officer,16-06-2007,119802
401,Karen Gupta,121,Teller,15-02-2010,148657
402,Karen Brown,91,Relationship Manager,17-01-2006,65803
403,Arjun Garcia,78,Teller,18-03-2005,73637
404,Rohan Chatterjee,129,Teller,31-03-2011,91664
405,Rahul Pillai,53,Customer Service,04-05-2023,58689
406,Sanjay Chopra,15,Teller,23-02-2016,78801
407,Deepak Brown,113,Teller,17-11-2008,81311
408,Divya Bose,42,Customer Service,06-01-2011,75764
409,Rohan Singh,147,Teller,19-06-2013,90327
410,Anita Nair,63,Loan Officer,20-03-2006,104726
411,Elizabeth Jones,128,Teller,31-03-2013,133781
412,Sneha Menon,7,Teller,07-03-2006,74046
413,Jennifer Patel,99,Teller,08-11-2014,156519
414,Kiran Johnson,68,Customer Service,01-01-2018,100872
415,Ritu Miller,70,Compliance Officer,13-03-2013,137579
416,Robert Gupta,40,Teller,03-06-2007,45450
417,Divya Johnson,146,Compliance Officer,02-02-2014,54446
418,Robert Martinez,59,Customer Service,28-02-2020,96941
419,Rahul Iyer,128,Customer Service,21-08-2005,83664
420,Patricia Pillai,64,Customer Service,09-08-2014,103410
421,Anita Williams,8,Customer Service,17-04-2017,52078
422,Neha Rao,132,Relationship Manager,03-03-2008,99988
423,Rahul Joshi,28,Loan Officer,06-11-2009,132382
424,Sarah Bose,41,Branch Manager,04-08-2022,138725
425,Deepak Joshi,130,Teller,28-03-2009,65722
426,Sanjay Garcia,135,Teller,16-03-2015,80353
427,William Bose,138,Customer Service,21-10-2003,107858
428,Arjun Menon,64,Teller,14-07-2023,106732
429,Rahul Martinez,114,Teller,03-03-2015,148358
430,Susan Iyer,50,Teller,29-04-2019,87324
431,Pooja Nair,112,Teller,26-04-2015,129982
432,Anjali Iyer,76,Customer Service,13-01-2009,162330
433,Manoj Rodriguez,8,Customer Service,25-08-2008,73352
434,Sanjay Menon,63,Loan Officer,27-10-2017,153091
435,Neha Pillai,71,Teller,07-11-2021,78595
436,Barbara Verma,39,Loan Officer,30-03-2003,78827
437,Divya Bose,57,Loan Officer,27-06-2021,127311
438,Joseph Verma,76,Customer Service,03-02-2021,122511
439,Rohan Malhotra,8,Customer Service,09-10-2002,111519
440,Richard Rao,23,Loan Officer,01-10-2002,63146
441,Richard Iyer,116,Loan Officer,31-08-2017,42651
442,Michael Brown,53,Compliance Officer,02-06-2021,166159
443,Ajay Kapoor,92,Customer Service,03-01-2010,160846
444,Michael Martinez,85,Loan Officer,13-04-2016,162773
445,Patricia Miller,83,Loan Officer,29-05-2025,105917
446,Kiran Garcia,63,Teller,15-03-2008,162449
447,Priya Menon,73,Relationship Manager,19-09-2005,99950
448,Sarah Brown,124,Teller,15-03-2025,39476
449,Pooja Malhotra,145,Teller,17-02-2007,58162
450,Jessica Chatterjee,39,Compliance Officer,05-01-2012,69435
451,Jennifer Smith,101,Customer Service,28-03-2011,85303
452,Rahul Rao,146,Teller,19-04-2013,170736
453,Linda Rao,2,Teller,30-10-2006,78589
454,Priya Sharma,118,Teller,04-04-2017,121117
455,Kiran Singh,75,Customer Service,02-08-2017,69151
456,Kiran Gupta,146,Teller,04-02-2005,125777
457,Joseph Patel,87,Relationship Manager,22-03-2012,114245
458,Sanjay Gupta,126,Relationship Manager,16-06-2001,50865
459,Vikram Bose,25,Branch Manager,12-08-2005,98265
460,Karen Mehta,22,Customer Service,02-02-2025,44020
461,Jennifer Verma,139,Teller,13-11-2012,163158
462,Jessica Joshi,79,Teller,29-10-2015,135027
463,Neha Bose,84,Customer Service,03-08-2022,171084
464,Meera Joshi,26,Teller,20-02-2018,161094
465,James Kumar,35,Teller,20-02-2020,61359
466,Rahul Verma,123,Teller,04-02-2018,135498
467,Ritu Malhotra,46,Teller,04-09-2012,43216
468,Kiran Martinez,88,Loan Officer,29-01-2016,174011
469,Sarah Rodriguez,48,Customer Service,02-05-2007,147371
470,Robert Patel,40,Relationship Manager,18-08-2022,131433
471,Barbara Menon,25,Customer Service,27-07-2004,179218
472,Ritu Rao,140,Relationship Manager,21-06-2022,156730
473,Suresh Verma,142,Loan Officer,29-04-2022,159267
474,Neha Patel,18,Relationship Manager,13-08-2003,43219
475,Jennifer Rodriguez,53,Branch Manager,18-01-2018,31602
476,Robert Kapoor,85,Teller,25-02-2025,174088
477,Karen Sharma,58,Relationship Manager,17-07-2014,66192
478,Sneha Reddy,109,Teller,25-08-2008,92812
479,Mary Verma,40,Teller,10-01-2013,34588
480,Kavya Martinez,9,Teller,03-02-2003,122705
481,Priya Menon,51,Loan Officer,06-05-2017,152758
482,James Sharma,90,Loan Officer,29-07-2011,155945
483,Patricia Williams,28,Branch Manager,04-07-2005,116373
484,Charles Verma,123,Relationship Manager,22-04-2020,128521
485,Rahul Nair,2,Teller,24-01-2003,106085
486,Manoj Williams,11,Branch Manager,26-07-2005,95814
487,Sarah Martinez,77,Teller,01-11-2011,112276
488,Richard Jones,77,Relationship Manager,01-01-2001,170255
489,Ajay Nair,45,Teller,05-11-2009,66372
490,Charles Kumar,39,Teller,16-02-2023,99469
491,Richard Menon,11,Branch Manager,02-12-2023,119449
492,Charles Verma,100,Customer Service,28-02-2022,114662
493,James Chatterjee,57,Customer Service,26-03-2008,32661
494,Richard Miller,18,Customer Service,25-08-2001,71674
495,Rohan Malhotra,60,Customer Service,16-09-2020,126193
496,Deepak Reddy,141,Loan Officer,27-06-2009,133502
497,Pooja Chopra,40,Teller,12-01-2019,139633
498,Divya Chopra,135,Teller,11-01-2003,178688
499,Priya Nair,39,Teller,22-12-2016,130299
500,Robert Davis,28,Teller,26-11-2014,116109
501,Thomas Nair,40,Loan Officer,24-05-2023,78481
502,Meera Bose,49,Loan Officer,04-08-2002,84303
503,Mary Menon,19,Customer Service,14-05-2010,153591
504,Anjali Joshi,89,Loan Officer,27-02-2025,99243
505,Kavya Garcia,51,Customer Service,26-11-2009,136762
506,Barbara Rao,108,Customer Service,21-09-2016,46866
507,Sanjay Brown,74,Teller,03-02-2004,47501
508,Ritu Singh,67,Teller,06-07-2018,60752
509,Mary Menon,71,Customer Service,03-01-2007,57661
510,Robert Johnson,24,Customer Service,17-07-2014,120262
511,Arjun Kapoor,107,Teller,11-05-2022,124840
512,Meera Pillai,16,Teller,19-10-2016,112800
513,James Chatterjee,109,Customer Service,21-01-2012,71991
514,Arjun Verma,150,Customer Service,30-10-2004,115654
515,Jennifer Brown,115,Teller,03-09-2008,46153
516,Neha Joshi,69,Loan Officer,01-08-2021,99870
517,Vikram Joshi,48,Relationship Manager,29-06-2005,51555
518,Patricia Rao,131,Teller,05-09-2016,39665
519,Arjun Menon,39,Relationship Manager,28-04-2012,53173
520,Anjali Smith,73,Teller,26-02-2008,44892
521,Suresh Mehta,116,Branch Manager,19-03-2018,100624
522,Mary Johnson,139,Loan Officer,15-03-2009,110964
523,David Pillai,139,Teller,15-04-2007,120322
524,Elizabeth Singh,14,Relationship Manager,14-06-2013,94836
525,Charles Joshi,135,Loan Officer,04-04-2019,54813
526,Jennifer Reddy,18,Compliance Officer,17-12-2021,31175
527,Suresh Williams,88,Teller,03-01-2016,136299
528,Sanjay Smith,140,Relationship Manager,28-10-2016,177377
529,Manoj Sharma,99,Relationship Manager,06-01-2020,70713
530,William Chopra,143,Customer Service,04-11-2006,59114
531,James Jones,52,Teller,18-05-2006,75356
532,Deepak Chatterjee,48,Customer Service,19-04-2012,60587
533,Barbara Davis,49,Branch Manager,14-01-2016,61971
534,Neha Iyer,54,Relationship Manager,01-06-2016,103169
535,Deepak Miller,103,Loan Officer,28-11-2003,147351
536,Mary Patel,68,Teller,03-11-2019,136268
537,James Patel,111,Teller,31-03-2009,173891
538,James Smith,63,Customer Service,18-04-2022,82318
539,Michael Rao,47,Compliance Officer,30-05-2018,102859
540,John Malhotra,29,Teller,24-12-2024,85807
541,Manoj Pillai,83,Customer Service,20-01-2016,34388
542,Sneha Martinez,135,Relationship Manager,28-05-2013,87051
543,Meera Desai,129,Teller,09-10-2004,67606
544,Divya Desai,38,Teller,17-02-2010,100765
545,Ajay Menon,72,Customer Service,24-10-2021,52023
546,Elizabeth Verma,106,Customer Service,16-09-2009,140731
547,Barbara Chatterjee,92,Teller,10-05-2001,156099
548,Ritu Reddy,11,Relationship Manager,25-03-2006,174043
549,David Johnson,89,Branch Manager,16-02-2015,40897
550,John Rodriguez,6,Relationship Manager,28-12-2015,45880
551,Arjun Singh,18,Relationship Manager,01-01-2025,174904
552,Divya Jones,99,Relationship Manager,25-09-2023,156929
553,Ajay Patel,16,Branch Manager,04-07-2013,117454
554,Kiran Malhotra,51,Teller,03-02-2014,76873
555,Robert Jones,89,Branch Manager,07-05-2020,106696
556,Sanjay Iyer,99,Teller,27-03-2001,109419
557,Ritu Miller,67,Customer Service,16-02-2015,156797
558,Kavya Reddy,15,Teller,18-01-2012,108468
559,Manoj Davis,120,Branch Manager,26-11-2019,32187
560,Ritu Pillai,143,Teller,04-05-2020,134337
561,Charles Williams,134,Teller,29-08-2016,146127
562,Mary Pillai,113,Teller,14-09-2016,73307
563,Charles Malhotra,61,Customer Service,25-07-2017,45723
564,William Chatterjee,132,Customer Service,29-09-2014,49615
565,Robert Chatterjee,74,Teller,15-10-2005,155798
566,Jennifer Garcia,21,Relationship Manager,26-03-2007,96026
567,Kavya Joshi,128,Relationship Manager,08-11-2018,108434
568,Anita Rao,49,Teller,19-09-2015,174014
569,Priya Pillai,141,Customer Service,17-01-2006,37291
570,Pooja Desai,56,Loan Officer,24-04-2022,59302
571,Priya Rao,131,Teller,03-12-2024,154653
572,Vikram Verma,81,Branch Manager,29-11-2015,110101
573,Patricia Brown,71,Teller,15-10-2005,32151
574,Ritu Brown,45,Relationship Manager,06-01-2006,134838
575,Charles Verma,126,Relationship Manager,28-12-2010,49032
576,Michael Bose,10,Relationship Manager,28-10-2021,146885
577,Manoj Nair,71,Customer Service,26-03-2013,149269
578,Pooja Iyer,56,Customer Service,05-03-2006,153309
579,John Davis,82,Compliance Officer,13-01-2002,98660
580,Linda Reddy,39,Teller,04-03-2009,68709
581,James Kapoor,100,Teller,30-01-2017,161971
582,Barbara Menon,58,Customer Service,01-03-2018,112932
583,Robert Kumar,29,Teller,31-08-2005,124585
584,Rahul Mehta,30,Teller,13-01-2004,48750
585,Rohan Joshi,105,Teller,16-01-2004,122776
586,Meera Gupta,40,Customer Service,19-08-2001,116174
587,Pooja Pillai,47,Teller,11-05-2012,72419
588,Vikram Verma,95,Teller,05-07-2014,144561
589,Anita Brown,50,Teller,14-05-2005,48319
590,John Gupta,59,Loan Officer,17-09-2008,137345
591,John Brown,37,Relationship Manager,26-03-2000,174098
592,Vikram Brown,52,Teller,19-04-2000,114223
593,James Desai,104,Customer Service,31-05-2009,43929
594,Mary Malhotra,81,Customer Service,03-07-2000,112102
595,William Miller,150,Teller,02-02-2008,108409
596,Anjali Chatterjee,116,Relationship Manager,06-10-2014,111932
597,Charles Williams,3,Customer Service,16-10-2000,69430
598,Rahul Rodriguez,57,Customer Service,14-09-2015,123165
599,Thomas Kumar,44,Teller,15-10-2015,68149
600,Linda Martinez,89,Teller,28-07-2014,112795
601,Jessica Kumar,40,Compliance Officer,05-12-2015,118377
602,Patricia Desai,145,Customer Service,26-07-2020,126172
603,Sanjay Johnson,45,Relationship Manager,19-10-2001,149285
604,Linda Smith,79,Relationship Manager,16-04-2004,162145
605,Jessica Pillai,19,Teller,22-01-2008,146131
606,Meera Nair,137,Customer Service,27-06-2017,148972
607,Sneha Nair,137,Loan Officer,08-03-2022,160057
608,Charles Patel,120,Customer Service,07-05-2023,64856
609,Priya Patel,53,Teller,18-10-2014,72521
610,Divya Singh,9,Teller,04-06-2010,109024
611,David Rao,107,Customer Service,21-06-2010,98794
612,Neha Jones,65,Customer Service,09-07-2001,134723
613,Suresh Mehta,149,Customer Service,27-10-2011,29418
614,Amit Singh,105,Teller,12-01-2013,49125
615,Charles Brown,81,Teller,17-04-2005,141522
616,Jennifer Verma,149,Compliance Officer,08-07-2019,152938
617,David Malhotra,121,Loan Officer,19-08-2020,73956
618,Kiran Mehta,69,Loan Officer,04-09-2007,75262
619,Priya Jones,3,Customer Service,25-03-2023,113347
620,Richard Johnson,14,Loan Officer,21-09-2002,100521
621,Sarah Rao,67,Customer Service,22-02-2023,53733
622,Amit Patel,85,Loan Officer,10-07-2019,104069
623,Priya Pillai,5,Relationship Manager,09-09-2005,152548
624,Kavya Nair,19,Relationship Manager,10-07-2016,138890
625,David Joshi,106,Relationship Manager,24-11-2007,152225
626,Neha Miller,113,Customer Service,28-04-2020,125860
627,Charles Patel,5,Loan Officer,31-01-2004,161372
628,Kiran Jones,77,Customer Service,23-03-2006,65972
629,Michael Rao,13,Relationship Manager,22-10-2007,34982
630,Michael Garcia,109,Customer Service,27-01-2005,45334
631,Charles Iyer,126,Customer Service,25-04-2015,178853
632,Anita Sharma,131,Customer Service,29-01-2014,125358
633,Kavya Garcia,90,Customer Service,26-10-2004,65662
634,Thomas Williams,95,Customer Service,22-02-2005,157822
635,Deepak Nair,139,Teller,14-05-2023,75033
636,Karen Pillai,92,Loan Officer,22-05-2006,118786
637,Jennifer Garcia,67,Customer Service,15-08-2002,65899
638,Robert Gupta,114,Teller,16-07-2011,42423
639,Ajay Miller,89,Relationship Manager,04-03-2000,68664
640,Jennifer Bose,127,Customer Service,15-09-2008,62682
641,Kiran Gupta,79,Teller,23-09-2021,112004
642,Barbara Menon,131,Relationship Manager,18-10-2006,31145
643,Patricia Davis,7,Customer Service,20-11-2017,64451
644,Richard Williams,6,Customer Service,12-06-2012,114301
645,Vikram Rao,15,Loan Officer,11-01-2009,87853
646,Sarah Kapoor,84,Relationship Manager,24-10-2016,124662
647,Divya Menon,107,Loan Officer,19-02-2015,127652
648,Vikram Desai,33,Customer Service,02-02-2008,174737
649,Thomas Desai,24,Teller,06-09-2005,155075
650,Neha Kapoor,130,Customer Service,20-04-2023,62689
651,Ajay Sharma,113,Customer Service,12-04-2004,133296
652,Thomas Gupta,98,Customer Service,21-05-2024,123340
653,Michael Jones,74,Loan Officer,01-05-2025,118337
654,Thomas Gupta,64,Relationship Manager,22-12-2008,149445
655,Ritu Sharma,4,Customer Service,16-05-2014,50454
656,William Johnson,29,Teller,21-08-2015,85026
657,Kiran Miller,135,Compliance Officer,10-08-2008,152049
658,Sneha Reddy,51,Customer Service,18-07-2005,163608
659,Sneha Verma,106,Compliance Officer,23-03-2013,33665
660,Richard Menon,106,Compliance Officer,05-11-2016,99663
661,Deepak Iyer,47,Relationship Manager,23-08-2006,68157
662,Mary Pillai,31,Customer Service,28-06-2019,53529
663,Richard Kapoor,104,Customer Service,27-03-2016,36672
664,Sarah Johnson,15,Teller,26-03-2004,109783
665,Karen Miller,75,Branch Manager,09-11-2023,129449
666,Karen Kumar,134,Customer Service,11-02-2001,108751
667,Michael Reddy,107,Branch Manager,12-08-2016,83992
668,Elizabeth Martinez,115,Relationship Manager,04-03-2011,145238
669,Patricia Nair,13,Teller,13-08-2016,127111
670,Amit Joshi,30,Loan Officer,03-09-2019,166080
671,Joseph Verma,42,Branch Manager,19-06-2017,80748
672,Amit Johnson,44,Loan Officer,16-07-2016,64323
673,Sneha Martinez,30,Teller,15-05-2021,97272
674,Kavya Pillai,146,Teller,02-11-2017,105044
675,Priya Chopra,25,Relationship Manager,28-03-2010,97610
676,Neha Chatterjee,107,Loan Officer,20-12-2005,154525
677,Sneha Joshi,89,Teller,23-07-2015,34928
678,Neha Brown,92,Teller,07-07-2013,108220
679,Vikram Rodriguez,33,Loan Officer,17-12-2001,93394
680,Richard Johnson,47,Teller,12-03-2005,60051
681,David Smith,91,Customer Service,03-08-2024,125441
682,Divya Chatterjee,45,Customer Service,16-06-2018,149802
683,Joseph Pillai,105,Teller,10-03-2019,110999
684,Priya Jones,6,Customer Service,02-01-2005,40912
685,William Kumar,11,Teller,19-08-2001,39443
686,Sarah Reddy,110,Teller,27-05-2007,92087
687,Rohan Williams,93,Relationship Manager,11-10-2021,129544
688,Vikram Joshi,7,Branch Manager,15-11-2012,75653
689,Rohan Desai,135,Relationship Manager,10-12-2019,74947
690,Joseph Rao,1,Teller,15-05-2012,158736
691,Ajay Kumar,144,Teller,16-06-2012,30194
692,Rohan Verma,110,Loan Officer,09-04-2015,40119
693,Manoj Malhotra,149,Loan Officer,15-05-2024,51650
694,Pooja Patel,143,Compliance Officer,12-02-2011,177505
695,Priya Menon,47,Teller,21-02-2015,103629
696,Anjali Johnson,114,Relationship Manager,15-05-2023,52059
697,Jennifer Garcia,32,Relationship Manager,18-06-2009,75181
698,Deepak Menon,71,Customer Service,07-05-2021,175351
699,Ritu Rodriguez,37,Teller,06-08-2013,133546
700,Anita Martinez,73,Branch Manager,05-05-2022,62001
701,Pooja Malhotra,131,Teller,21-11-2011,64579
702,Rohan Garcia,66,Customer Service,31-12-2015,39393
703,Barbara Nair,14,Loan Officer,20-03-2008,145465
704,Divya Rodriguez,49,Relationship Manager,20-02-2016,48885
705,David Garcia,118,Customer Service,16-04-2008,71544
706,Richard Pillai,79,Branch Manager,26-06-2015,80952
707,Rohan Garcia,85,Customer Service,18-01-2020,122371
708,Ritu Williams,65,Branch Manager,20-01-2011,120160
709,Jessica Singh,44,Relationship Manager,28-11-2010,149480
710,Anita Desai,90,Teller,09-03-2008,73185
711,Mary Brown,95,Compliance Officer,25-07-2018,86604
712,Robert Kumar,135,Relationship Manager,17-01-2015,87071
713,John Reddy,93,Relationship Manager,15-02-2013,35114
714,John Bose,150,Loan Officer,25-08-2000,140111
715,Suresh Brown,124,Relationship Manager,19-10-2002,109387
716,Ritu Menon,12,Teller,10-03-2000,100303
717,Manoj Mehta,59,Customer Service,10-08-2021,179302
718,John Chatterjee,58,Teller,23-08-2021,55184
719,Patricia Sharma,1,Teller,22-09-2001,175286
720,Barbara Pillai,28,Loan Officer,06-03-2001,131416
721,Amit Mehta,115,Teller,11-11-2019,61595
722,Susan Brown,53,Loan Officer,03-05-2013,131135
723,Karen Joshi,23,Relationship Manager,07-11-2007,142865
724,Linda Malhotra,44,Teller,18-08-2015,83096
725,Rahul Martinez,42,Customer Service,04-01-2006,80432
726,Richard Reddy,27,Teller,13-01-2005,154948
727,John Verma,16,Customer Service,04-05-2009,52361
728,Pooja Reddy,115,Customer Service,07-10-2022,30027
729,Deepak Pillai,124,Loan Officer,01-07-2019,129219
730,James Desai,75,Customer Service,30-10-2004,165794
731,Sarah Miller,93,Relationship Manager,11-04-2014,104132
732,Manoj Menon,138,Relationship Manager,24-06-2022,48516
733,Kavya Patel,127,Loan Officer,08-03-2024,109963
734,Suresh Kumar,5,Loan Officer,23-05-2019,66286
735,Sarah Chopra,143,Customer Service,11-04-2003,153763
736,Jessica Iyer,11,Teller,12-02-2006,121040
737,Rahul Patel,4,Relationship Manager,22-07-2005,79154
738,Michael Patel,61,Teller,31-10-2003,122932
739,Elizabeth Chatterjee,112,Relationship Manager,15-06-2004,129398
740,Sneha Verma,13,Teller,14-01-2008,131168
741,Arjun Rodriguez,44,Teller,12-02-2014,83661
742,Robert Sharma,40,Compliance Officer,11-02-2010,114735
743,Anita Garcia,60,Relationship Manager,11-09-2010,34494
744,Joseph Verma,148,Relationship Manager,31-03-2006,89339
745,Anita Brown,50,Compliance Officer,21-05-2025,85458
746,Ajay Williams,32,Loan Officer,23-03-2015,109270
747,Patricia Kumar,19,Teller,01-11-2005,172405
748,Meera Williams,30,Teller,02-08-2020,172937
749,Charles Rao,20,Branch Manager,09-02-2021,101455
750,Sanjay Malhotra,87,Teller,27-07-2024,126213
751,Sarah Kumar,64,Relationship Manager,17-01-2004,44451
752,Richard Patel,75,Teller,06-04-2016,101303
753,Sanjay Garcia,125,Teller,29-11-2024,132549
754,Kavya Joshi,88,Teller,02-07-2020,131784
755,Jennifer Chatterjee,24,Teller,24-09-2005,174433
756,Kavya Mehta,57,Teller,12-09-2022,98868
757,Pooja Williams,47,Customer Service,19-09-2010,166007
758,Jessica Johnson,125,Teller,13-03-2014,176764
759,Deepak Martinez,47,Customer Service,09-08-2019,114938
760,Neha Jones,21,Relationship Manager,14-09-2013,41904
761,Susan Chatterjee,111,Customer Service,04-10-2020,85194
762,James Miller,65,Customer Service,09-12-2013,144236
763,Arjun Rodriguez,15,Loan Officer,06-06-2001,116263
764,William Menon,104,Teller,16-12-2013,170320
765,Sanjay Bose,32,Teller,16-11-2017,152021
766,Rohan Miller,131,Compliance Officer,20-12-2013,37610
767,Karen Verma,125,Customer Service,21-11-2024,158908
768,Michael Nair,56,Teller,26-04-2015,82320
769,Rahul Kapoor,84,Loan Officer,30-11-2012,152464
770,Michael Pillai,86,Relationship Manager,30-05-2001,105183
771,Sarah Desai,99,Customer Service,14-04-2004,97232
772,Ritu Menon,11,Customer Service,02-06-2018,39011
773,Deepak Johnson,49,Relationship Manager,05-02-2004,46066
774,Meera Davis,26,Customer Service,16-01-2023,118485
775,Ajay Reddy,105,Customer Service,04-09-2007,114514
776,Priya Johnson,11,Teller,11-01-2011,112346
777,William Sharma,78,Teller,07-09-2003,51777
778,Ritu Jones,110,Compliance Officer,09-05-2005,105510
779,Divya Joshi,143,Customer Service,07-06-2023,37265
780,Meera Johnson,44,Loan Officer,13-01-2013,49908
781,Neha Jones,2,Customer Service,10-12-2024,103797
782,Jennifer Garcia,109,Teller,06-11-2015,121777
783,Anita Jones,1,Relationship Manager,21-01-2001,127616
784,Charles Rao,10,Teller,31-10-2009,177256
785,Ritu Sharma,149,Relationship Manager,08-01-2007,157830
786,Thomas Joshi,130,Branch Manager,16-02-2006,85726
787,Susan Davis,107,Teller,14-10-2012,146991
788,Patricia Reddy,126,Teller,01-08-2009,42538
789,Ritu Kapoor,12,Relationship Manager,25-06-2007,158300
790,Pooja Mehta,14,Teller,30-06-2010,86769
791,Mary Malhotra,46,Teller,24-10-2005,143530
792,Sarah Miller,4,Customer Service,04-07-2011,175536
793,Karen Nair,134,Loan Officer,13-12-2023,134892
794,Karen Bose,9,Loan Officer,07-11-2012,167877
795,Deepak Chatterjee,82,Teller,10-03-2015,29540
796,Michael Mehta,129,Relationship Manager,06-01-2025,53924
797,Richard Kapoor,111,Teller,06-08-2015,123167
798,Linda Chatterjee,36,Teller,04-09-2005,110169
799,David Mehta,71,Teller,16-02-2010,46313
800,Deepak Pillai,83,Teller,26-05-2012,137192
801,Kiran Brown,116,Teller,25-01-2012,36917
802,Mary Sharma,64,Teller,19-10-2003,178596
803,Vikram Brown,43,Teller,09-09-2002,51774
804,Elizabeth Williams,120,Loan Officer,23-11-2008,95711
805,Linda Iyer,133,Relationship Manager,28-03-2023,153140
806,Barbara Miller,74,Teller,25-03-2018,106134
807,Linda Gupta,5,Teller,23-05-2021,141065
808,Anita Patel,76,Relationship Manager,07-06-2004,134954
809,Meera Mehta,134,Relationship Manager,12-07-2010,172213
810,Sneha Pillai,149,Customer Service,10-10-2014,98520
811,Rahul Chatterjee,61,Teller,14-01-2011,176804
812,Anita Verma,23,Loan Officer,04-08-2010,106548
813,James Martinez,86,Teller,21-02-2009,163779
814,Patricia Malhotra,125,Teller,23-04-2001,139361
815,Barbara Brown,142,Loan Officer,14-10-2021,48204
816,Elizabeth Reddy,8,Customer Service,18-09-2023,125831
817,Ritu Gupta,44,Loan Officer,20-01-2002,161514
818,Ritu Garcia,72,Customer Service,06-07-2010,47513
819,Suresh Mehta,15,Teller,28-02-2013,155472
820,Neha Martinez,133,Teller,04-12-2019,44026
821,Priya Garcia,17,Customer Service,28-01-2025,160405
822,Neha Kapoor,100,Relationship Manager,13-01-2019,147914
823,Thomas Garcia,138,Teller,28-10-2023,51056
824,Arjun Singh,103,Customer Service,06-02-2021,138422
825,Divya Jones,115,Teller,20-05-2007,45752
826,Sanjay Patel,40,Teller,10-10-2020,114340
827,Vikram Bose,125,Customer Service,23-06-2010,168418
828,John Miller,63,Teller,11-06-2000,59306
829,Rahul Malhotra,10,Loan Officer,15-04-2019,54421
830,Jessica Kumar,55,Loan Officer,26-03-2021,92277
831,Pooja Joshi,53,Teller,25-09-2008,84030
832,Priya Garcia,79,Teller,18-06-2011,35367
833,Anjali Kumar,40,Teller,05-04-2009,97309
834,Susan Pillai,70,Compliance Officer,22-12-2002,67451
835,Kiran Chopra,65,Customer Service,28-07-2000,46915
836,Ritu Garcia,50,Loan Officer,18-05-2000,69957
837,Susan Bose,105,Teller,09-07-2017,31136
838,Karen Brown,46,Customer Service,23-11-2022,167086
839,Rohan Rao,115,Teller,09-05-2016,179101
840,Sanjay Iyer,38,Branch Manager,29-05-2015,83878
841,Kavya Nair,130,Customer Service,15-01-2021,161251
842,Ritu Nair,55,Loan Officer,04-10-2024,98124
843,Jessica Smith,7,Teller,18-11-2005,166675
844,Anita Nair,23,Teller,25-04-2014,54315
845,Sarah Pillai,121,Teller,23-10-2020,71253
846,Deepak Patel,131,Loan Officer,27-06-2007,140453
847,Richard Rodriguez,32,Relationship Manager,27-02-2017,61455
848,Sneha Menon,91,Teller,30-07-2000,153177
849,Robert Williams,87,Customer Service,19-04-2022,92731
850,Ritu Iyer,21,Customer Service,13-08-2015,89392
851,Jessica Nair,68,Teller,20-11-2018,96904
852,Susan Iyer,105,Teller,23-12-2020,149275
853,Amit Joshi,146,Teller,23-07-2005,28851
854,Anita Gupta,128,Customer Service,14-06-2011,142104
855,Ritu Menon,15,Loan Officer,27-10-2021,146446
856,Rohan Williams,36,Customer Service,08-03-2004,152814
857,Rohan Chopra,66,Relationship Manager,25-11-2020,179493
858,Robert Rao,23,Customer Service,28-04-2007,146903
859,James Davis,86,Compliance Officer,17-08-2014,108361
860,Thomas Miller,2,Customer Service,17-12-2012,98849
861,Meera Kumar,18,Relationship Manager,12-06-2017,87015
862,Deepak Kapoor,8,Relationship Manager,06-04-2021,153727
863,Vikram Mehta,45,Customer Service,13-11-2008,87698
864,Vikram Johnson,115,Relationship Manager,13-05-2004,115041
865,Thomas Rao,27,Relationship Manager,30-09-2010,42603
866,Linda Menon,149,Loan Officer,23-07-2015,76233
867,James Smith,41,Customer Service,27-01-2019,68456
868,Susan Iyer,7,Branch Manager,23-02-2019,94123
869,Richard Iyer,51,Relationship Manager,21-08-2008,104324
870,Linda Desai,113,Loan Officer,16-10-2023,136907
871,David Rodriguez,16,Relationship Manager,11-02-2002,93640
872,Mary Iyer,11,Customer Service,19-12-2002,50850
873,Sneha Kumar,128,Compliance Officer,17-08-2000,110845
874,Kiran Johnson,89,Teller,18-07-2023,36312
875,Kavya Bose,52,Customer Service,30-07-2004,157057
876,Charles Bose,114,Customer Service,15-04-2015,145126
877,Sarah Kumar,127,Relationship Manager,29-08-2020,62236
878,Richard Kapoor,54,Relationship Manager,27-06-2019,68012
879,Jennifer Chopra,85,Customer Service,12-02-2024,32204
880,Sneha Malhotra,2,Customer Service,14-05-2001,83390
881,Amit Joshi,46,Teller,06-05-2010,33810
882,James Gupta,90,Compliance Officer,11-11-2012,170324
883,Sarah Patel,30,Teller,10-09-2017,48393
884,Barbara Kapoor,149,Customer Service,28-10-2015,128224
885,Michael Garcia,146,Customer Service,26-03-2014,114713
886,Kavya Chatterjee,39,Loan Officer,19-10-2007,64002
887,Rohan Malhotra,60,Teller,15-09-2002,150844
888,Vikram Mehta,29,Teller,21-12-2010,44548
889,Rahul Martinez,76,Relationship Manager,07-08-2006,162794
890,Meera Sharma,19,Branch Manager,01-02-2014,140532
891,Divya Patel,59,Teller,04-04-2020,124537
892,Vikram Kapoor,84,Customer Service,26-10-2014,161708
893,Anjali Malhotra,92,Teller,23-01-2001,89277
894,Karen Singh,90,Relationship Manager,20-05-2016,70808
895,Meera Joshi,34,Teller,03-03-2011,51486
896,Sanjay Pillai,119,Teller,22-02-2003,168504
897,Neha Kumar,104,Teller,07-06-2005,89015
898,Deepak Verma,113,Branch Manager,19-04-2023,154067
899,Rohan Rao,71,Loan Officer,26-11-2012,78527
900,Rahul Gupta,134,Customer Service,26-10-2024,173159
901,Barbara Mehta,59,Loan Officer,29-07-2004,160243
902,Ajay Bose,121,Teller,13-08-2007,74822
903,Vikram Verma,31,Teller,21-08-2023,101981
904,Divya Nair,38,Teller,14-06-2004,148686
905,Charles Johnson,80,Relationship Manager,04-10-2016,62381
906,Suresh Chopra,84,Teller,30-07-2005,31600
907,Patricia Iyer,112,Compliance Officer,01-06-2008,71897
908,Robert Patel,45,Teller,21-02-2012,117769
909,Anita Nair,131,Teller,23-02-2009,48743
910,Pooja Miller,50,Teller,24-03-2022,78675
911,Manoj Rao,81,Teller,21-09-2024,167624
912,Charles Chopra,140,Customer Service,07-05-2013,39411
913,Neha Sharma,81,Branch Manager,29-05-2001,35652
914,Priya Brown,103,Teller,14-12-2005,92425
915,Ajay Verma,137,Customer Service,05-01-2001,29952
916,Neha Garcia,147,Customer Service,09-10-2021,32228
917,Sarah Verma,75,Relationship Manager,11-10-2005,55814
918,Ajay Mehta,63,Compliance Officer,28-08-2008,43542
919,Robert Brown,30,Customer Service,02-06-2021,151252
920,Meera Chopra,81,Relationship Manager,18-10-2015,46651
921,Michael Miller,138,Customer Service,23-12-2000,107566
922,Barbara Desai,74,Loan Officer,22-04-2014,135203
923,Manoj Kumar,53,Customer Service,03-04-2014,123128
924,Pooja Rodriguez,17,Teller,08-02-2008,127388
925,Ajay Reddy,59,Customer Service,07-12-2018,82375
926,Pooja Brown,36,Compliance Officer,15-08-2023,163104
927,Neha Williams,147,Teller,01-08-2006,38439
928,Joseph Pillai,80,Relationship Manager,01-06-2008,44312
929,James Bose,21,Relationship Manager,11-03-2008,158136
930,Jennifer Jones,11,Teller,22-12-2001,38389
931,Richard Rodriguez,128,Branch Manager,08-10-2022,57167
932,Mary Garcia,140,Relationship Manager,12-09-2019,54322
933,Anita Verma,115,Compliance Officer,13-04-2012,33024
934,Sanjay Rodriguez,19,Teller,23-09-2022,45784
935,Ajay Martinez,15,Teller,26-07-2019,115051
936,Anita Nair,30,Customer Service,13-01-2007,128502
937,Suresh Garcia,113,Teller,12-04-2001,40659
938,Meera Desai,115,Teller,25-09-2016,171242
939,Suresh Kumar,126,Teller,15-09-2003,42555
940,Karen Chopra,15,Teller,18-12-2024,132425
941,Susan Garcia,23,Customer Service,17-01-2012,149657
942,Meera Kumar,136,Customer Service,16-07-2016,107158
943,Elizabeth Chatterjee,140,Customer Service,10-07-2005,102724
944,Thomas Garcia,109,Customer Service,02-08-2002,44576
945,Patricia Chopra,16,Loan Officer,05-08-2001,64709
946,Divya Sharma,11,Teller,02-01-2009,157288
947,Neha Malhotra,9,Teller,04-02-2000,80991
948,Patricia Iyer,104,Teller,04-09-2010,33236
949,Elizabeth Bose,127,Teller,02-04-2008,138844
950,Priya Jones,95,Teller,22-05-2013,131915
951,Priya Verma,40,Teller,25-12-2014,38085
952,Divya Rodriguez,114,Teller,03-11-2007,35763
953,David Davis,9,Customer Service,27-07-2011,45705
954,Deepak Martinez,125,Customer Service,25-12-2001,35737
955,Charles Verma,134,Relationship Manager,02-09-2007,121671
956,Manoj Brown,108,Customer Service,10-11-2024,48158
957,Elizabeth Kumar,132,Customer Service,11-03-2025,120259
958,Mary Reddy,88,Teller,17-11-2023,54773
959,John Bose,71,Customer Service,12-03-2003,175814
960,Jessica Kumar,49,Teller,21-01-2022,138340
961,Ajay Jones,139,Loan Officer,20-07-2010,84931
962,Mary Williams,105,Loan Officer,26-07-2015,93164
963,Jessica Gupta,29,Loan Officer,28-06-2016,37891
964,Robert Iyer,144,Teller,30-10-2007,36342
965,Kiran Davis,9,Customer Service,22-08-2018,109705
966,Arjun Malhotra,89,Relationship Manager,27-09-2012,31459
967,Sanjay Rao,29,Customer Service,24-04-2009,125028
968,Rahul Chopra,100,Customer Service,28-07-2007,86129
969,Neha Brown,62,Branch Manager,19-12-2018,49219
970,Sanjay Bose,66,Teller,03-05-2006,109424
971,James Miller,101,Customer Service,26-02-2003,112035
972,Suresh Patel,114,Branch Manager,30-05-2022,141437
973,Pooja Patel,58,Teller,07-06-2008,58060
974,Pooja Bose,150,Teller,16-04-2016,111201
975,Thomas Rodriguez,75,Relationship Manager,17-03-2018,156398
976,Divya Davis,25,Customer Service,22-04-2021,69038
977,Jessica Sharma,1,Loan Officer,26-11-2015,154944
978,John Sharma,31,Customer Service,11-04-2021,137949
979,Deepak Garcia,104,Loan Officer,23-12-2023,93303
980,Elizabeth Garcia,81,Loan Officer,10-03-2001,162245
981,Robert Miller,51,Teller,21-11-2018,174944
982,Vikram Iyer,73,Loan Officer,06-06-2004,64001
983,Elizabeth Sharma,126,Customer Service,26-08-2022,176925
984,Suresh Verma,86,Teller,26-03-2001,28366
985,Charles Kumar,9,Customer Service,09-02-2000,47646
986,James Davis,8,Teller,07-06-2000,34562
987,Ajay Joshi,73,Customer Service,24-10-2012,83892
988,Rohan Chopra,61,Customer Service,10-09-2024,170421
989,David Garcia,128,Customer Service,05-06-2013,119248
990,Arjun Martinez,88,Customer Service,20-09-2016,121720
991,Rohan Garcia,114,Compliance Officer,09-01-2014,40895
992,Mary Rodriguez,88,Branch Manager,13-10-2009,106450
993,Sanjay Sharma,52,Customer Service,16-12-2014,86163
994,Thomas Brown,99,Customer Service,19-03-2006,100872
995,Kavya Smith,94,Teller,05-09-2008,67698
996,Anjali Patel,109,Teller,01-03-2003,58638
997,Vikram Kumar,29,Loan Officer,05-01-2022,172711
998,Arjun Martinez,97,Teller,17-05-2008,112879
999,David Chatterjee,43,Loan Officer,29-07-2000,90561
1000,Elizabeth Verma,119,Loan Officer,10-07-2018,39218
1001,Sarah Joshi,120,Customer Service,22-06-2011,143925
1002,Ritu Davis,94,Teller,29-09-2022,99831
1003,Rohan Reddy,143,Relationship Manager,22-12-2007,86779
1004,Joseph Chopra,81,Loan Officer,20-07-2014,129376
1005,Sanjay Johnson,4,Customer Service,06-12-2018,48035
1006,Ritu Joshi,91,Teller,18-06-2015,109046
1007,Deepak Sharma,117,Loan Officer,14-04-2005,159199
1008,Richard Iyer,16,Teller,28-04-2017,98525
1009,Rahul Mehta,16,Customer Service,22-11-2018,28063
1010,Sneha Kapoor,41,Teller,10-02-2003,62947
1011,Charles Smith,127,Relationship Manager,15-03-2004,36503
1012,Thomas Desai,80,Teller,25-02-2017,104028
1013,Robert Mehta,147,Customer Service,09-01-2003,83386
1014,Barbara Menon,131,Teller,17-05-2022,48128
1015,Priya Iyer,84,Customer Service,14-10-2002,132408
1016,Anjali Mehta,102,Loan Officer,24-01-2017,54844
1017,Suresh Patel,50,Loan Officer,05-04-2011,79939
1018,Linda Desai,14,Teller,27-10-2006,178130
1019,Arjun Bose,60,Teller,03-10-2008,38079
1020,Patricia Joshi,89,Teller,09-01-2019,65651
1021,Arjun Nair,28,Compliance Officer,20-04-2005,76311
1022,Joseph Malhotra,34,Loan Officer,18-10-2013,105327
1023,Charles Sharma,3,Teller,27-03-2025,65237
1024,Rahul Patel,111,Compliance Officer,16-07-2006,175444
1025,Sarah Chopra,135,Teller,15-08-2017,28823
1026,Manoj Williams,125,Loan Officer,17-05-2004,172104
1027,Rohan Kumar,57,Customer Service,13-03-2021,109289
1028,Meera Smith,90,Relationship Manager,29-04-2004,33819
1029,Neha Rao,145,Customer Service,25-07-2007,45730
1030,Richard Iyer,89,Loan Officer,02-09-2011,43663
1031,Sanjay Iyer,45,Compliance Officer,02-06-2009,71699
1032,Thomas Iyer,51,Teller,28-04-2004,78625
1033,Rohan Iyer,110,Compliance Officer,16-04-2016,125460
1034,Jennifer Gupta,67,Relationship Manager,02-07-2000,75302
1035,Robert Patel,126,Relationship Manager,30-12-2024,138217
1036,Amit Rao,130,Teller,28-04-2001,72657
1037,Linda Chopra,6,Teller,26-06-2008,68045
1038,Meera Reddy,109,Customer Service,20-08-2023,69855
1039,Suresh Kapoor,56,Branch Manager,10-12-2003,78037
1040,Kavya Chatterjee,78,Branch Manager,08-11-2001,155336
1041,Pooja Menon,40,Relationship Manager,27-11-2018,65530
1042,Sneha Brown,56,Customer Service,10-11-2001,69535
1043,John Kumar,50,Teller,11-11-2022,173447
1044,Thomas Miller,8,Loan Officer,20-06-2011,127369
1045,Anita Garcia,118,Teller,04-02-2022,56958
1046,Deepak Malhotra,22,Teller,25-03-2006,159963
1047,William Williams,57,Teller,03-08-2003,55843
1048,Anita Chatterjee,29,Relationship Manager,19-06-2024,52641
1049,Joseph Malhotra,25,Customer Service,25-02-2023,95645
1050,Jennifer Menon,57,Branch Manager,17-02-2008,133073
1051,Robert Singh,138,Loan Officer,15-04-2010,56774
1052,Joseph Desai,142,Customer Service,02-09-2014,142506
1053,Patricia Brown,58,Relationship Manager,28-05-2011,51819
1054,John Desai,76,Relationship Manager,02-03-2006,146827
1055,Joseph Jones,148,Branch Manager,14-07-2009,42573
1056,William Martinez,36,Relationship Manager,22-06-2015,98593
1057,Priya Brown,142,Branch Manager,17-12-2000,125306
1058,James Gupta,16,Loan Officer,15-07-2008,68368
1059,Richard Chopra,34,Relationship Manager,11-06-2007,121036
1060,Charles Rodriguez,51,Loan Officer,14-10-2001,132674
1061,Ajay Bose,6,Loan Officer,12-02-2003,126824
1062,Neha Mehta,123,Teller,06-08-2012,88328
1063,Anjali Mehta,129,Branch Manager,08-08-2002,145541
1064,Joseph Pillai,58,Branch Manager,06-10-2008,139212
1065,Charles Gupta,126,Customer Service,03-04-2014,77606
1066,Sarah Sharma,116,Loan Officer,17-03-2022,139479
1067,Anjali Menon,121,Teller,05-07-2002,167600
1068,Ajay Reddy,121,Relationship Manager,17-01-2011,152139
1069,Ajay Mehta,87,Teller,13-08-2002,139447
1070,Pooja Rodriguez,17,Relationship Manager,22-11-2010,144510
1071,Anita Miller,139,Teller,18-03-2012,150315
1072,Priya Garcia,92,Customer Service,24-04-2020,71946
1073,Meera Miller,136,Branch Manager,29-03-2011,137586
1074,Barbara Garcia,144,Relationship Manager,11-10-2023,58312
1075,Joseph Chopra,29,Teller,01-07-2003,82485
1076,Anjali Johnson,61,Relationship Manager,08-05-2001,170048
1077,Jessica Mehta,29,Branch Manager,11-02-2000,71020
1078,Elizabeth Pillai,8,Customer Service,24-01-2009,156230
1079,Priya Chopra,145,Branch Manager,26-11-2004,92222
1080,Susan Gupta,139,Teller,30-04-2002,59899
1081,Anjali Johnson,140,Loan Officer,29-12-2005,42748
1082,Deepak Chatterjee,133,Teller,11-10-2024,111329
1083,Richard Smith,98,Teller,03-05-2020,96594
1084,Rohan Singh,79,Customer Service,08-04-2023,105724
1085,Meera Singh,149,Loan Officer,20-03-2005,34557
1086,Pooja Garcia,83,Teller,26-04-2010,68754
1087,William Chopra,97,Teller,17-04-2010,28599
1088,Sneha Garcia,32,Teller,02-05-2019,73978
1089,Vikram Miller,113,Teller,08-02-2018,169587
1090,Neha Bose,123,Customer Service,05-02-2015,51151
1091,Mary Menon,102,Teller,07-12-2015,132779
1092,Richard Davis,75,Relationship Manager,28-06-2018,28878
1093,Suresh Joshi,30,Teller,05-09-2004,113400
1094,Elizabeth Joshi,6,Teller,20-01-2010,167982
1095,Richard Malhotra,95,Relationship Manager,26-09-2002,79847
1096,Susan Jones,103,Teller,23-11-2017,57968
1097,Linda Rodriguez,116,Loan Officer,14-02-2011,114721
1098,Michael Singh,143,Compliance Officer,10-05-2014,70399
1099,Joseph Menon,75,Relationship Manager,15-12-2006,163519
1100,Suresh Bose,125,Customer Service,11-07-2003,157047
1101,James Gupta,108,Teller,22-09-2024,127161
1102,Barbara Davis,42,Customer Service,15-06-2007,125134
1103,John Pillai,127,Compliance Officer,14-10-2002,119577
1104,Amit Rodriguez,8,Relationship Manager,11-10-2007,139764
1105,David Sharma,90,Teller,08-12-2022,97951
1106,Divya Pillai,142,Loan Officer,22-08-2006,175401
1107,Amit Reddy,99,Teller,29-01-2025,80545
1108,Divya Davis,141,Teller,17-09-2011,29358
1109,Neha Smith,9,Customer Service,26-11-2021,134179
1110,Sarah Gupta,80,Teller,06-08-2016,128658
1111,Suresh Menon,118,Teller,11-02-2001,177109
1112,Karen Gupta,97,Teller,11-12-2012,88089
1113,Kiran Singh,133,Loan Officer,06-08-2010,92563
1114,Meera Davis,70,Teller,13-02-2005,113424
1115,Sneha Malhotra,103,Loan Officer,23-12-2013,87615
1116,Arjun Malhotra,63,Teller,13-08-2002,147298
1117,David Mehta,131,Compliance Officer,30-09-2017,93073
1118,Manoj Malhotra,18,Teller,20-11-2020,147110
1119,Arjun Rao,39,Branch Manager,09-05-2002,92682
1120,Deepak Verma,15,Teller,07-03-2012,62214
1121,David Chopra,106,Teller,30-07-2001,178574
1122,Divya Chatterjee,35,Teller,23-11-2009,108025
1123,Karen Chatterjee,48,Teller,24-07-2006,135430
1124,Linda Miller,126,Teller,30-12-2000,117872
1125,Linda Singh,55,Loan Officer,07-06-2020,82596
1126,Amit Smith,22,Customer Service,20-04-2011,175765
1127,Susan Rao,4,Teller,08-02-2019,84468
1128,Robert Rao,35,Loan Officer,02-12-2014,178950
1129,Sarah Sharma,138,Customer Service,05-04-2022,93481
1130,Neha Menon,83,Teller,04-05-2025,31442
1131,Susan Desai,150,Loan Officer,21-04-2015,33580
1132,Ajay Johnson,33,Teller,13-12-2008,175995
1133,Sanjay Miller,53,Teller,30-09-2010,108228
1134,Rohan Miller,25,Loan Officer,23-12-2020,86920
1135,Kiran Desai,60,Compliance Officer,04-11-2010,151329
1136,Sarah Nair,85,Compliance Officer,17-03-2013,121806
1137,Jennifer Kumar,122,Compliance Officer,05-12-2004,128406
1138,Mary Bose,56,Loan Officer,28-02-2025,132188
1139,Kiran Malhotra,116,Teller,16-07-2016,58159
1140,Ajay Williams,94,Teller,23-05-2008,41416
1141,Pooja Jones,44,Teller,14-11-2014,138661
1142,Robert Verma,137,Teller,12-03-2010,31314
1143,Richard Sharma,66,Teller,08-12-2003,137357
1144,Mary Chopra,23,Loan Officer,26-03-2022,47749
1145,John Jones,145,Teller,05-07-2022,67905
1146,David Verma,138,Teller,21-03-2021,135579
1147,Amit Davis,8,Customer Service,13-05-2009,122676
1148,John Garcia,136,Loan Officer,08-07-2006,146793
1149,Meera Garcia,143,Relationship Manager,06-04-2001,120864
1150,Charles Garcia,125,Teller,04-08-2018,35273
1151,David Reddy,39,Branch Manager,01-05-2008,155647
1152,Rohan Gupta,95,Teller,08-02-2022,60793
1153,Divya Patel,81,Loan Officer,04-04-2003,48682
1154,Richard Iyer,94,Teller,26-07-2003,161537
1155,Mary Chopra,93,Teller,17-01-2012,57615
1156,John Chatterjee,96,Customer Service,21-04-2024,109482
1157,Ritu Nair,78,Teller,14-09-2016,101867
1158,Robert Kapoor,104,Teller,30-03-2022,144965
1159,Neha Chopra,79,Relationship Manager,21-02-2015,34710
1160,Jessica Singh,3,Teller,21-12-2020,44217
1161,Sanjay Jones,6,Customer Service,28-08-2021,91170
1162,John Menon,144,Branch Manager,06-11-2021,99935
1163,Anjali Jones,137,Teller,18-06-2010,147809
1164,Kavya Gupta,88,Loan Officer,14-09-2009,120071
1165,Charles Kapoor,27,Teller,11-01-2025,50604
1166,William Gupta,118,Customer Service,24-03-2019,176789
1167,Meera Davis,22,Teller,25-04-2023,97912
1168,Richard Joshi,57,Teller,12-08-2023,174617
1169,Anita Williams,50,Teller,15-11-2018,178444
1170,Thomas Davis,2,Relationship Manager,08-07-2004,35854
1171,Elizabeth Menon,122,Customer Service,29-05-2014,104899
1172,Sarah Kumar,77,Relationship Manager,03-08-2018,92149
1173,Michael Williams,48,Customer Service,05-05-2019,103745
1174,James Chopra,77,Customer Service,03-05-2024,75110
1175,Barbara Menon,1,Loan Officer,23-04-2008,112936
1176,Robert Williams,66,Relationship Manager,10-09-2007,102813
1177,Sarah Gupta,78,Branch Manager,21-08-2024,56272
1178,Suresh Iyer,51,Loan Officer,23-01-2025,71853
1179,Michael Brown,125,Customer Service,27-07-2004,50368
1180,James Miller,38,Branch Manager,13-08-2009,156227
1181,Robert Garcia,21,Teller,05-02-2024,130957
1182,Anita Garcia,80,Loan Officer,28-01-2005,86904
1183,Barbara Gupta,134,Teller,27-11-2019,88156
1184,Anita Patel,57,Relationship Manager,08-11-2002,40023
1185,Mary Davis,7,Loan Officer,13-07-2004,72065
1186,Susan Rodriguez,146,Relationship Manager,13-12-2019,168512
1187,Thomas Garcia,67,Loan Officer,10-06-2015,32771
1188,Sarah Malhotra,26,Customer Service,08-10-2021,50210
1189,Priya Miller,93,Teller,22-10-2007,156599
1190,Divya Joshi,48,Relationship Manager,19-06-2015,107089
1191,Karen Reddy,141,Loan Officer,21-10-2018,32913
1192,Ritu Bose,45,Teller,09-06-2008,102444
1193,Rohan Kapoor,83,Teller,25-05-2011,141997
1194,David Davis,82,Teller,09-10-2013,80450
1195,Elizabeth Mehta,37,Loan Officer,04-12-2021,86062
1196,Susan Rodriguez,75,Customer Service,02-01-2010,123960
1197,Sneha Brown,17,Relationship Manager,24-12-2016,119000
1198,Elizabeth Davis,97,Customer Service,10-12-2023,165242
1199,Deepak Rodriguez,114,Branch Manager,18-05-2019,65647
1200,Karen Jones,143,Loan Officer,16-02-2025,69962
1201,Suresh Smith,49,Relationship Manager,30-10-2014,51620
1202,Kavya Pillai,43,Relationship Manager,02-03-2007,129067
1203,Susan Nair,83,Teller,13-03-2025,109074
1204,Elizabeth Gupta,104,Compliance Officer,19-05-2016,80736
1205,Pooja Joshi,149,Loan Officer,19-02-2006,133733
1206,Susan Miller,4,Relationship Manager,23-01-2008,85256
1207,David Gupta,36,Compliance Officer,31-08-2006,57714
1208,Kiran Chatterjee,40,Customer Service,09-03-2021,110056
1209,Karen Mehta,39,Teller,09-05-2002,94326
1210,Mary Verma,70,Customer Service,21-10-2018,89620
1211,Anita Davis,131,Teller,29-01-2014,95587
1212,Charles Johnson,5,Customer Service,13-11-2001,166958
1213,Suresh Williams,123,Teller,03-08-2015,60828
1214,Rahul Jones,93,Customer Service,21-02-2019,69923
1215,Linda Malhotra,93,Relationship Manager,14-06-2018,113887
1216,Michael Kapoor,102,Teller,10-07-2008,35098
1217,Sneha Patel,18,Loan Officer,29-02-2004,50182
1218,Mary Malhotra,113,Customer Service,23-04-2000,114083
1219,Susan Jones,38,Loan Officer,19-02-2009,105481
1220,Jennifer Miller,78,Teller,25-01-2016,127228
1221,James Verma,102,Teller,15-12-2000,45241
1222,Deepak Joshi,91,Loan Officer,19-05-2025,157789
1223,Patricia Mehta,49,Customer Service,22-11-2014,101802
1224,James Chatterjee,60,Customer Service,27-06-2007,51564
1225,Kiran Davis,72,Teller,14-06-2024,75363
1226,Linda Chatterjee,7,Loan Officer,03-09-2004,62573
1227,Manoj Williams,109,Loan Officer,28-02-2007,96741
1228,Mary Miller,15,Teller,26-08-2009,99346
1229,Michael Nair,69,Customer Service,24-10-2010,93929
1230,Robert Johnson,99,Teller,14-04-2025,98073
1231,Kavya Chatterjee,13,Branch Manager,18-05-2006,166005
1232,Vikram Desai,150,Relationship Manager,22-09-2024,173790
1233,Karen Reddy,57,Branch Manager,25-10-2008,102470
1234,Elizabeth Martinez,3,Customer Service,01-04-2007,174379
1235,Patricia Williams,99,Teller,21-03-2016,152411
1236,Amit Mehta,84,Teller,19-08-2017,152633
1237,Elizabeth Reddy,97,Teller,07-10-2008,62299
1238,Sneha Chopra,113,Customer Service,29-05-2003,94640
1239,Kavya Mehta,72,Relationship Manager,24-01-2010,81516
1240,Ritu Brown,125,Teller,25-09-2013,42660
1241,Anita Brown,56,Teller,06-01-2001,39413
1242,James Malhotra,82,Teller,31-12-2001,122609
1243,Barbara Jones,24,Customer Service,01-05-2023,91953
1244,Ritu Pillai,93,Customer Service,28-11-2000,153509
1245,Rohan Brown,40,Customer Service,05-05-2010,129642
1246,Vikram Kumar,105,Relationship Manager,01-06-2019,40946
1247,Charles Menon,121,Teller,04-05-2008,155401
1248,Michael Patel,129,Customer Service,28-07-2012,103406
1249,Anjali Johnson,140,Customer Service,13-03-2002,114019
1250,Sanjay Desai,19,Teller,10-03-2020,174784
1251,Meera Garcia,21,Relationship Manager,13-02-2016,125291
1252,Suresh Nair,139,Teller,23-08-2021,31387
1253,Barbara Menon,58,Customer Service,14-12-2021,54944
1254,David Chopra,4,Customer Service,30-11-2008,92804
1255,David Johnson,44,Relationship Manager,17-01-2001,33655
1256,Deepak Bose,126,Branch Manager,20-10-2008,53455
1257,Priya Jones,54,Teller,10-09-2003,148336
1258,Charles Chopra,12,Relationship Manager,21-07-2013,49703
1259,Ajay Mehta,109,Customer Service,20-09-2003,53389
1260,Sneha Rodriguez,30,Branch Manager,07-06-2023,104711
1261,Deepak Gupta,53,Customer Service,22-04-2015,41857
1262,Meera Brown,1,Teller,06-06-2006,66863
1263,Patricia Menon,91,Customer Service,31-05-2023,170509
1264,Joseph Davis,67,Relationship Manager,15-02-2011,123983
1265,Pooja Martinez,131,Teller,22-09-2003,174455
1266,Manoj Nair,51,Loan Officer,26-09-2008,81846
1267,Michael Singh,31,Compliance Officer,19-06-2019,121671
1268,Susan Nair,25,Customer Service,28-08-2006,64261
1269,Priya Nair,31,Relationship Manager,10-03-2007,85552
1270,Divya Rao,68,Loan Officer,09-04-2006,54547
1271,Robert Chatterjee,14,Compliance Officer,12-05-2011,154652
1272,Sneha Verma,61,Teller,01-02-2004,55975
1273,Richard Bose,129,Branch Manager,14-04-2010,59117
1274,William Malhotra,116,Loan Officer,03-02-2009,98498
1275,Rohan Pillai,96,Customer Service,12-02-2007,93267
1276,Thomas Joshi,134,Relationship Manager,17-09-2019,75703
1277,Neha Malhotra,118,Customer Service,06-06-2008,82266
1278,Susan Davis,98,Customer Service,31-08-2017,72843
1279,Manoj Malhotra,130,Loan Officer,22-04-2018,166730
1280,Patricia Chopra,19,Branch Manager,03-12-2016,116216
1281,Suresh Rodriguez,123,Branch Manager,05-11-2006,167806
1282,Mary Singh,45,Teller,29-01-2021,177995
1283,Pooja Davis,110,Branch Manager,04-01-2006,126934
1284,Joseph Nair,137,Relationship Manager,16-01-2007,153500
1285,Jessica Malhotra,75,Customer Service,28-03-2022,44832
1286,James Garcia,14,Customer Service,19-08-2008,172311
1287,Kavya Sharma,56,Loan Officer,18-09-2017,101293
1288,Michael Malhotra,62,Branch Manager,12-08-2015,136442
1289,Arjun Patel,141,Teller,29-01-2022,65289
1290,Rahul Pillai,142,Loan Officer,04-01-2018,42516
1291,Ritu Smith,86,Loan Officer,20-10-2014,162507
1292,Rahul Kumar,143,Teller,30-07-2021,96316
1293,Richard Bose,66,Teller,30-07-2007,49037
1294,Pooja Joshi,62,Customer Service,29-07-2009,128088
1295,Manoj Jones,126,Loan Officer,06-10-2001,36255
1296,Susan Menon,101,Loan Officer,30-09-2017,96471
1297,Jennifer Verma,79,Teller,21-05-2018,135073
1298,Anjali Sharma,69,Branch Manager,11-01-2019,137503
1299,Michael Sharma,106,Loan Officer,28-03-2003,96899
1300,Sneha Kapoor,114,Loan Officer,06-12-2016,84234
1301,Elizabeth Kapoor,74,Customer Service,26-05-2019,155431
1302,Jennifer Iyer,5,Teller,06-03-2005,56079
1303,Sanjay Williams,16,Relationship Manager,18-03-2023,39343
1304,Jennifer Menon,22,Teller,17-07-2010,51840
1305,Arjun Miller,70,Loan Officer,21-02-2019,149763
1306,Kavya Williams,93,Teller,24-06-2013,99425
1307,John Rao,121,Branch Manager,18-09-2016,33674
1308,Linda Gupta,35,Teller,03-12-2015,53653
1309,Divya Mehta,118,Relationship Manager,17-07-2016,32266
1310,Anita Desai,100,Loan Officer,22-10-2019,151793
1311,Robert Williams,8,Customer Service,26-12-2022,98119
1312,Meera Rodriguez,53,Teller,07-07-2007,38345
1313,David Nair,46,Teller,16-12-2015,61636
1314,James Malhotra,133,Loan Officer,20-02-2015,121701
1315,Deepak Mehta,139,Branch Manager,30-04-2008,118245
1316,James Verma,123,Loan Officer,30-03-2009,152531
1317,Priya Mehta,80,Compliance Officer,20-04-2007,31924
1318,Meera Menon,74,Customer Service,25-10-2020,38548
1319,Amit Iyer,47,Compliance Officer,23-07-2010,33379
1320,Amit Desai,116,Teller,19-05-2016,87897
1321,Jessica Malhotra,13,Customer Service,16-10-2000,138526
1322,Jennifer Martinez,41,Customer Service,18-12-2001,128776
1323,Amit Davis,21,Customer Service,12-08-2003,59945
1324,Anjali Malhotra,75,Compliance Officer,23-03-2020,127900
1325,Patricia Miller,45,Customer Service,17-11-2022,127775
1326,Anjali Sharma,30,Relationship Manager,26-03-2012,57091
1327,Sarah Davis,57,Customer Service,24-06-2022,141988
1328,Rohan Mehta,130,Teller,09-11-2010,92188
1329,Michael Rodriguez,84,Customer Service,10-03-2024,37018
1330,Vikram Kapoor,124,Loan Officer,10-01-2006,87368
1331,Linda Pillai,138,Relationship Manager,15-11-2010,145002
1332,Barbara Bose,136,Relationship Manager,19-11-2009,133824
1333,Rahul Pillai,53,Teller,05-12-2019,68800
1334,John Smith,132,Teller,09-02-2001,143049
1335,Charles Patel,137,Teller,09-01-2008,87210
1336,Sneha Miller,144,Loan Officer,24-02-2015,97956
1337,Jennifer Joshi,53,Teller,11-09-2003,41169
1338,Richard Kumar,35,Customer Service,15-06-2012,179554
1339,Joseph Martinez,88,Customer Service,04-05-2025,155471
1340,Arjun Reddy,140,Relationship Manager,02-12-2020,57629
1341,Meera Mehta,136,Teller,07-10-2000,113230
1342,Ritu Iyer,86,Branch Manager,15-01-2015,146614
1343,Linda Iyer,23,Teller,08-03-2015,104709
1344,James Johnson,64,Relationship Manager,25-09-2001,60041
1345,John Patel,108,Teller,10-07-2016,175220
1346,Sneha Sharma,85,Teller,29-03-2013,68858
1347,Michael Bose,52,Teller,30-04-2017,78844
1348,Elizabeth Chatterjee,52,Relationship Manager,24-07-2007,84486
1349,Ritu Chopra,9,Teller,30-06-2006,163398
1350,Suresh Smith,44,Customer Service,14-09-2018,104001
1351,Ritu Chatterjee,101,Customer Service,04-05-2018,137392
1352,David Verma,37,Customer Service,01-07-2005,164984
1353,Vikram Gupta,150,Teller,26-11-2014,169136
1354,Vikram Pillai,13,Teller,25-01-2021,158177
1355,Linda Desai,89,Loan Officer,16-02-2005,165985
1356,Priya Johnson,75,Teller,27-07-2005,172130
1357,Rohan Sharma,125,Customer Service,12-07-2020,178636
1358,Thomas Chopra,134,Loan Officer,15-09-2017,125750
1359,Pooja Reddy,82,Loan Officer,06-12-2022,48014
1360,Arjun Davis,95,Teller,29-11-2019,45223
1361,Rohan Nair,105,Customer Service,24-03-2024,148994
1362,Rahul Chatterjee,79,Teller,19-10-2004,76053
1363,Sanjay Miller,28,Customer Service,29-11-2006,150283
1364,Amit Chopra,65,Teller,18-01-2006,170079
1365,David Chopra,37,Compliance Officer,29-05-2001,125944
1366,Sanjay Desai,70,Customer Service,20-10-2019,144173
1367,Rahul Rodriguez,93,Teller,26-10-2016,70386
1368,Meera Miller,32,Teller,09-03-2002,94049
1369,Michael Reddy,38,Teller,13-01-2005,174702
1370,Sarah Nair,124,Teller,05-11-2004,152161
1371,Deepak Gupta,57,Teller,29-03-2010,59072
1372,Rohan Malhotra,30,Relationship Manager,30-07-2011,170320
1373,Kiran Malhotra,107,Customer Service,06-05-2007,103935
1374,James Davis,108,Teller,22-08-2023,156267
1375,Mary Malhotra,124,Customer Service,29-05-2005,107266
1376,Divya Miller,114,Teller,12-04-2014,119791
1377,Joseph Gupta,149,Compliance Officer,17-02-2011,52598
1378,Rohan Smith,87,Teller,07-11-2009,79476
1379,Sarah Sharma,44,Customer Service,26-12-2020,137824
1380,Thomas Pillai,130,Customer Service,12-11-2024,156043
1381,Kiran Patel,40,Teller,24-02-2000,41507
1382,Patricia Kumar,44,Teller,14-10-2011,39683
1383,Sanjay Brown,125,Loan Officer,11-01-2003,133350
1384,Anjali Kapoor,133,Relationship Manager,09-01-2011,95958
1385,Neha Verma,51,Branch Manager,06-09-2015,156989
1386,Thomas Chopra,110,Customer Service,18-06-2010,38369
1387,Michael Joshi,139,Customer Service,09-11-2007,81108
1388,Arjun Nair,120,Relationship Manager,07-12-2007,33386
1389,Karen Brown,1,Loan Officer,15-08-2007,135831
1390,Michael Iyer,100,Branch Manager,11-04-2008,158393
1391,Joseph Brown,26,Customer Service,03-07-2009,51829
1392,Ajay Patel,127,Teller,25-06-2017,77243
1393,David Johnson,11,Relationship Manager,10-06-2002,156584
1394,Linda Kapoor,149,Teller,14-01-2001,34297
1395,Arjun Martinez,27,Teller,17-02-2013,172708
1396,William Miller,64,Relationship Manager,30-04-2017,162822
1397,Deepak Smith,36,Teller,29-07-2006,51209
1398,Suresh Desai,123,Teller,10-02-2005,49117
1399,Meera Chatterjee,60,Teller,17-11-2015,133162
1400,Deepak Bose,112,Branch Manager,06-10-2009,29534
1401,Elizabeth Johnson,11,Relationship Manager,15-09-2018,104886
1402,William Sharma,68,Teller,22-09-2003,38019
1403,Joseph Menon,137,Teller,18-01-2014,108787
1404,Karen Rao,140,Loan Officer,22-12-2009,81230
1405,Anjali Brown,32,Compliance Officer,15-07-2018,135386
1406,Pooja Jones,60,Teller,11-11-2012,161867
1407,Neha Davis,62,Compliance Officer,05-01-2009,102288
1408,Anjali Menon,85,Relationship Manager,22-01-2004,125548
1409,Neha Garcia,81,Teller,25-02-2004,119249
1410,Jessica Joshi,16,Relationship Manager,18-03-2019,177708
1411,Thomas Singh,115,Customer Service,03-10-2005,63096
1412,Rohan Joshi,34,Branch Manager,08-10-2012,64318
1413,Patricia Bose,48,Loan Officer,16-10-2020,85533
1414,Pooja Martinez,127,Relationship Manager,26-10-2022,139977
1415,Neha Bose,104,Customer Service,20-10-2006,159516
1416,Rahul Garcia,60,Customer Service,09-09-2019,70267
1417,Rohan Rodriguez,137,Compliance Officer,01-06-2008,44705
1418,Divya Miller,60,Loan Officer,01-02-2015,120514
1419,Kiran Brown,85,Relationship Manager,18-10-2004,118831
1420,Amit Williams,37,Relationship Manager,22-10-2017,84965
1421,Charles Garcia,28,Teller,26-06-2018,56011
1422,Robert Brown,74,Teller,11-08-2007,157180
1423,Sanjay Verma,85,Loan Officer,28-11-2011,156674
1424,Deepak Williams,121,Relationship Manager,28-06-2008,141624
1425,Kavya Johnson,59,Teller,17-10-2000,116014
1426,Suresh Menon,135,Customer Service,27-03-2003,67736
1427,Suresh Williams,92,Teller,25-05-2024,89263
1428,Divya Williams,11,Loan Officer,04-08-2011,38401
1429,Anita Smith,111,Customer Service,03-10-2003,65973
1430,Robert Brown,87,Teller,14-02-2001,96466
1431,James Nair,59,Relationship Manager,24-12-2008,94400
1432,William Bose,71,Teller,23-12-2024,40217
1433,Sarah Chopra,46,Relationship Manager,12-10-2009,173557
1434,Pooja Rao,93,Teller,09-06-2012,68772
1435,Charles Williams,86,Compliance Officer,01-06-2019,105399
1436,James Malhotra,68,Customer Service,18-12-2019,98718
1437,William Johnson,43,Teller,18-09-2000,99362
1438,Meera Mehta,60,Teller,26-02-2000,156444
1439,Meera Gupta,75,Teller,12-06-2023,141433
1440,Jessica Desai,71,Customer Service,13-09-2023,159880
1441,Manoj Martinez,47,Relationship Manager,01-06-2016,85615
1442,Rahul Kapoor,88,Loan Officer,24-06-2023,68303
1443,Kiran Patel,34,Loan Officer,28-02-2024,92968
1444,Anjali Nair,76,Customer Service,14-07-2007,113346
1445,Vikram Pillai,19,Branch Manager,09-10-2020,79216
1446,Thomas Kumar,71,Customer Service,04-06-2016,97928
1447,Vikram Gupta,118,Loan Officer,01-08-2023,50939
1448,Susan Patel,123,Customer Service,23-09-2003,116744
1449,Joseph Kumar,105,Compliance Officer,15-08-2000,136499
1450,Sneha Sharma,112,Loan Officer,29-01-2009,108127
1451,Amit Garcia,10,Teller,15-04-2000,160700
1452,Amit Iyer,52,Teller,04-04-2011,179343
1453,Jessica Williams,99,Customer Service,12-08-2020,165650
1454,Thomas Garcia,121,Teller,20-01-2008,42132
1455,James Gupta,88,Relationship Manager,07-11-2010,161882
1456,Sneha Malhotra,129,Customer Service,03-05-2009,78723
1457,Amit Malhotra,41,Branch Manager,06-08-2018,96671
1458,Kiran Davis,24,Customer Service,07-10-2006,90620
1459,Anita Gupta,13,Teller,02-05-2002,71178
1460,Karen Jones,88,Relationship Manager,16-11-2012,161338
1461,John Chopra,100,Teller,03-02-2021,124964
1462,William Davis,43,Customer Service,16-02-2012,174979
1463,Susan Malhotra,118,Relationship Manager,10-03-2005,173115
1464,Jessica Chatterjee,111,Customer Service,03-03-2001,91803
1465,Joseph Singh,55,Relationship Manager,28-12-2023,138511
1466,Thomas Martinez,36,Loan Officer,02-05-2019,104359
1467,Sanjay Pillai,112,Relationship Manager,14-12-2003,103216
1468,Jennifer Singh,101,Customer Service,17-11-2001,140425
1469,Susan Kapoor,26,Customer Service,14-04-2003,132698
1470,Michael Chatterjee,39,Teller,27-07-2009,166585
1471,Richard Desai,73,Teller,19-08-2020,145425
1472,Kavya Williams,77,Customer Service,24-01-2004,122565
1473,Mary Desai,25,Teller,22-10-2020,167728
1474,Susan Chopra,143,Customer Service,18-01-2000,43562
1475,James Miller,59,Relationship Manager,10-10-2018,144008
1476,Ajay Martinez,58,Relationship Manager,06-03-2007,87627
1477,Rahul Chopra,10,Teller,30-05-2024,93844
1478,Elizabeth Miller,132,Relationship Manager,04-02-2012,146814
1479,William Patel,36,Teller,16-11-2006,69588
1480,Robert Singh,149,Loan Officer,05-03-2006,162312
1481,Karen Kapoor,75,Relationship Manager,30-03-2010,103982
1482,Pooja Joshi,132,Teller,11-12-2008,81048
1483,Amit Brown,27,Teller,12-09-2018,77883
1484,Anjali Rodriguez,25,Teller,28-08-2013,91980
1485,Joseph Menon,121,Branch Manager,14-11-2016,171300
1486,Barbara Rao,123,Relationship Manager,29-04-2011,43601
1487,Karen Davis,82,Teller,17-08-2001,105210
1488,William Rodriguez,5,Teller,24-02-2000,154920
1489,Meera Sharma,142,Customer Service,29-12-2000,99752
1490,Linda Reddy,59,Teller,07-08-2014,114034
1491,Karen Rodriguez,141,Customer Service,19-01-2013,80925
1492,Rohan Mehta,131,Relationship Manager,31-12-2018,48704
1493,John Patel,128,Customer Service,26-09-2022,125189
1494,Karen Mehta,104,Relationship Manager,08-06-2004,167833
1495,Charles Jones,101,Branch Manager,30-04-2024,107047
1496,David Mehta,80,Relationship Manager,05-09-2023,93669
1497,Jennifer Joshi,4,Teller,27-08-2015,47615
1498,Mary Jones,59,Teller,24-06-2013,171598
1499,James Martinez,110,Customer Service,27-06-2004,160119
1500,Karen Singh,122,Teller,12-07-2004,165096
1501,Patricia Mehta,84,Relationship Manager,22-06-2000,82569
1502,Ajay Singh,107,Customer Service,01-06-2016,123045
1503,David Reddy,4,Compliance Officer,03-01-2011,93751
1504,Neha Singh,71,Teller,16-11-2004,63667
1505,Arjun Mehta,77,Loan Officer,27-05-2003,59261
1506,Anita Williams,134,Customer Service,12-08-2001,86345
1507,Anjali Chopra,47,Teller,16-04-2016,112116
1508,Robert Patel,35,Branch Manager,01-06-2017,46544
1509,Elizabeth Johnson,53,Customer Service,20-01-2016,134712
1510,David Gupta,26,Compliance Officer,24-10-2002,97580
1511,Jennifer Patel,84,Customer Service,18-01-2001,161937
1512,Richard Williams,97,Teller,13-09-2002,70376
1513,Richard Menon,121,Loan Officer,07-02-2019,35844
1514,Sanjay Miller,146,Customer Service,21-10-2018,75432
1515,Richard Martinez,12,Teller,29-06-2007,175946
1516,Suresh Patel,38,Loan Officer,27-05-2001,76943
1517,Sanjay Bose,46,Teller,16-02-2008,134980
1518,Anjali Chopra,38,Teller,31-07-2020,156180
1519,Robert Malhotra,125,Branch Manager,24-08-2003,71213
1520,Meera Davis,21,Teller,26-03-2020,125674
1521,Vikram Chatterjee,5,Customer Service,11-10-2011,59080
1522,Meera Bose,130,Teller,05-08-2003,83055
1523,Joseph Patel,145,Customer Service,26-09-2023,73005
1524,Ajay Reddy,34,Teller,25-01-2017,130202
1525,Sneha Johnson,50,Relationship Manager,15-06-2002,161110
1526,John Chopra,76,Teller,11-06-2009,66362
1527,Thomas Pillai,79,Branch Manager,29-01-2016,72291
1528,Jennifer Iyer,149,Teller,07-08-2001,152783
1529,Kiran Reddy,61,Teller,02-01-2024,98348
1530,Richard Iyer,2,Loan Officer,27-12-2019,105985
1531,Elizabeth Williams,64,Relationship Manager,12-04-2005,135272
1532,Priya Mehta,84,Relationship Manager,12-03-2023,48913
1533,Sarah Kumar,78,Teller,10-05-2017,160542
1534,Patricia Joshi,77,Teller,12-06-2001,83514
1535,Manoj Joshi,139,Customer Service,05-04-2003,128102
1536,Ritu Iyer,122,Customer Service,01-06-2023,93691
1537,Pooja Pillai,38,Teller,29-04-2005,142472
1538,Vikram Nair,54,Customer Service,17-06-2002,120960
1539,Thomas Kapoor,101,Branch Manager,11-05-2013,54345
1540,Priya Mehta,62,Customer Service,26-07-2014,56552
1541,Rohan Menon,65,Loan Officer,29-09-2016,161365
1542,Michael Chopra,26,Loan Officer,21-05-2025,106979
1543,Patricia Brown,39,Teller,19-04-2019,69909
1544,David Williams,112,Customer Service,28-08-2000,49775
1545,Charles Gupta,127,Teller,02-04-2002,47513
1546,Michael Nair,118,Customer Service,03-01-2000,167825
1547,Robert Singh,47,Customer Service,16-01-2010,176389
1548,Ritu Iyer,21,Customer Service,26-11-2008,87811
1549,Jessica Nair,24,Teller,23-09-2023,58649
1550,Amit Joshi,60,Teller,11-10-2000,91669
1551,Rohan Sharma,78,Loan Officer,18-06-2022,48771
1552,Pooja Iyer,134,Customer Service,13-08-2006,111547
1553,Pooja Reddy,135,Relationship Manager,12-03-2023,123155
1554,Richard Iyer,1,Loan Officer,18-05-2022,177763
1555,Ritu Menon,107,Relationship Manager,31-10-2020,76467
1556,Jessica Pillai,45,Teller,22-08-2003,58067
1557,Ritu Nair,30,Loan Officer,30-11-2015,48269
1558,Thomas Patel,84,Teller,22-06-2010,85329
1559,Robert Rao,6,Customer Service,24-12-2015,119370
1560,Sanjay Garcia,51,Teller,16-12-2018,38127
1561,Mary Gupta,83,Teller,24-09-2012,143365
1562,Sanjay Miller,41,Customer Service,11-12-2007,97936
1563,Mary Jones,90,Branch Manager,16-04-2023,148566
1564,William Williams,70,Teller,08-11-2016,98468
1565,Sneha Rao,120,Teller,04-07-2022,51637
1566,Kiran Smith,28,Branch Manager,10-01-2006,31262
1567,Thomas Kapoor,9,Teller,21-04-2021,112643
1568,Robert Gupta,80,Teller,21-03-2008,109994
1569,Elizabeth Sharma,39,Customer Service,14-09-2011,151679
1570,Anjali Malhotra,107,Teller,13-11-2021,161342
1571,Rahul Reddy,14,Customer Service,05-01-2009,52485
1572,Robert Chopra,87,Loan Officer,14-05-2006,75832
1573,Jessica Kumar,149,Teller,09-04-2023,59567
1574,David Smith,14,Teller,04-07-2024,44220
1575,Linda Miller,46,Teller,27-11-2007,28366
1576,Ritu Rao,127,Teller,14-10-2007,40511
1577,Vikram Menon,81,Teller,14-10-2005,107744
1578,Linda Jones,27,Relationship Manager,06-08-2000,51083
1579,Neha Brown,32,Relationship Manager,24-06-2006,57591
1580,Thomas Pillai,115,Loan Officer,31-07-2021,45910
1581,John Menon,130,Customer Service,08-05-2004,138084
1582,Charles Garcia,55,Customer Service,23-02-2016,124623
1583,Linda Gupta,72,Relationship Manager,17-11-2012,174256
1584,David Mehta,118,Teller,21-07-2015,44947
1585,Anjali Garcia,27,Teller,12-11-2002,59730
1586,Rahul Martinez,31,Teller,10-11-2011,97266
1587,Jennifer Verma,117,Teller,29-11-2015,126662
1588,Ritu Kapoor,28,Teller,30-08-2008,47772
1589,Amit Martinez,116,Relationship Manager,27-03-2022,60198
1590,Suresh Gupta,75,Relationship Manager,16-06-2013,92069
1591,Pooja Rodriguez,149,Teller,19-03-2009,30737
1592,Susan Chopra,5,Loan Officer,13-10-2000,88081
1593,Rohan Jones,142,Loan Officer,13-04-2004,143300
1594,Rohan Miller,34,Loan Officer,11-02-2012,108049
1595,Rahul Davis,6,Customer Service,02-03-2010,93968
1596,David Joshi,109,Teller,24-02-2022,102163
1597,Susan Pillai,80,Relationship Manager,23-12-2019,171911
1598,David Nair,126,Compliance Officer,15-01-2004,107106
1599,Richard Jones,17,Customer Service,12-01-2015,109211
1600,Michael Chopra,13,Customer Service,20-07-2011,169484
1601,Mary Iyer,86,Branch Manager,27-07-2002,51937
1602,Kiran Chatterjee,133,Teller,03-12-2016,42586
1603,Patricia Sharma,61,Teller,26-08-2013,96365
1604,Anjali Menon,120,Customer Service,22-03-2002,76424
1605,James Bose,136,Teller,24-11-2011,58839
1606,Sanjay Miller,131,Relationship Manager,06-08-2018,46164
1607,Susan Kumar,77,Loan Officer,24-04-2008,161460
1608,Rohan Rodriguez,105,Loan Officer,19-10-2002,121372
1609,Barbara Sharma,79,Teller,11-03-2005,133017
1610,Anita Davis,102,Compliance Officer,07-12-2024,45948
1611,Charles Singh,86,Teller,11-10-2015,79868
1612,Rohan Davis,79,Teller,22-06-2004,122366
1613,Thomas Kapoor,66,Teller,08-04-2012,108228
1614,Rohan Rao,98,Customer Service,24-11-2004,133622
1615,Manoj Chopra,113,Compliance Officer,02-04-2011,129760
1616,Sarah Menon,138,Teller,13-09-2003,90827
1617,Joseph Smith,92,Relationship Manager,23-09-2015,146994
1618,Jennifer Menon,16,Teller,29-06-2014,67463
1619,Joseph Brown,89,Customer Service,06-02-2016,40182
1620,Jennifer Nair,48,Teller,11-04-2011,166833
1621,Linda Sharma,5,Loan Officer,08-04-2007,31422
1622,Ajay Kapoor,11,Customer Service,05-05-2006,71117
1623,Patricia Kumar,89,Branch Manager,20-06-2005,45396
1624,Karen Chatterjee,142,Teller,30-11-2010,63238
1625,Ritu Gupta,76,Relationship Manager,22-06-2011,88039
1626,Ajay Joshi,67,Compliance Officer,12-02-2017,47700
1627,Michael Martinez,14,Loan Officer,01-05-2001,98939
1628,Michael Miller,102,Customer Service,28-02-2007,168953
1629,Jessica Verma,9,Customer Service,01-09-2021,48742
1630,Priya Nair,127,Teller,06-04-2023,168840
1631,Ajay Singh,123,Relationship Manager,29-08-2023,90495
1632,William Bose,149,Teller,14-10-2007,118053
1633,Michael Miller,43,Customer Service,13-01-2005,95126
1634,David Martinez,25,Teller,09-05-2003,76128
1635,Suresh Pillai,45,Teller,14-06-2022,44581
1636,Mary Patel,120,Branch Manager,07-08-2020,118187
1637,Jessica Davis,33,Branch Manager,19-07-2018,167332
1638,Robert Menon,134,Relationship Manager,20-09-2008,107159
1639,Michael Patel,24,Compliance Officer,02-02-2012,119070
1640,Deepak Menon,8,Teller,21-05-2021,125849
1641,James Joshi,33,Teller,11-09-2020,87057
1642,Susan Joshi,114,Loan Officer,09-03-2013,46331
1643,Deepak Rao,91,Loan Officer,15-04-2021,105049
1644,Sneha Malhotra,54,Loan Officer,23-10-2008,160077
1645,John Pillai,99,Relationship Manager,05-07-2010,75758
1646,Karen Rodriguez,98,Customer Service,04-05-2021,160463
1647,Ajay Johnson,84,Teller,26-07-2009,157858
1648,Thomas Martinez,78,Loan Officer,12-02-2019,65210
1649,Rohan Kapoor,16,Customer Service,09-07-2011,115402
1650,Rohan Reddy,39,Loan Officer,28-07-2007,141628
1651,Arjun Williams,80,Teller,24-07-2005,103224
1652,Linda Reddy,21,Loan Officer,02-06-2015,134304
1653,Ritu Garcia,72,Loan Officer,22-05-2009,166454
1654,Meera Nair,18,Teller,20-11-2018,123345
1655,Jennifer Rao,119,Customer Service,10-01-2000,155372
1656,Manoj Kapoor,16,Teller,05-05-2002,149746
1657,Manoj Gupta,14,Customer Service,11-06-2024,151545
1658,Pooja Gupta,96,Branch Manager,11-11-2016,157558
1659,Jessica Singh,34,Relationship Manager,20-12-2013,62292
1660,Karen Chopra,53,Teller,16-05-2000,30789
1661,Ritu Bose,48,Teller,18-03-2015,51274
1662,Michael Sharma,33,Teller,19-01-2011,65949
1663,Manoj Gupta,115,Loan Officer,31-03-2015,132894
1664,Deepak Martinez,104,Teller,15-01-2001,105511
1665,Arjun Nair,36,Customer Service,29-12-2013,99233
1666,Susan Brown,104,Teller,08-09-2014,29379
1667,Priya Gupta,108,Teller,16-05-2007,131924
1668,John Garcia,81,Loan Officer,21-05-2001,83365
1669,Kiran Nair,87,Customer Service,10-09-2024,143615
1670,Joseph Chatterjee,141,Relationship Manager,11-01-2018,45139
1671,John Menon,69,Customer Service,19-10-2015,72887
1672,Divya Patel,58,Customer Service,30-06-2019,36314
1673,Neha Johnson,81,Customer Service,19-01-2017,71266
1674,Vikram Miller,126,Customer Service,01-06-2003,168350
1675,John Brown,107,Teller,23-07-2011,102606
1676,Pooja Chopra,12,Customer Service,02-08-2022,94812
1677,Neha Menon,69,Customer Service,26-04-2007,69579
1678,Divya Reddy,111,Teller,16-09-2024,68260
1679,Manoj Garcia,34,Customer Service,20-08-2001,129428
1680,William Smith,149,Loan Officer,28-05-2008,177746
1681,William Menon,122,Branch Manager,25-11-2008,141503
1682,Deepak Martinez,127,Teller,10-09-2015,140022
1683,Rohan Brown,13,Customer Service,22-06-2004,99749
1684,Sarah Garcia,87,Relationship Manager,28-10-2005,42993
1685,Barbara Davis,80,Teller,27-03-2007,138017
1686,Neha Kapoor,95,Loan Officer,04-05-2022,150926
1687,Pooja Desai,128,Teller,11-02-2022,105586
1688,James Rodriguez,53,Teller,11-09-2007,41909
1689,Priya Singh,81,Compliance Officer,26-03-2014,136356
1690,Meera Johnson,102,Loan Officer,17-06-2008,168001
1691,Barbara Smith,113,Loan Officer,06-10-2008,62195
1692,Barbara Johnson,116,Teller,13-01-2017,52235
1693,Anjali Joshi,51,Compliance Officer,14-06-2007,140304
1694,John Rao,150,Teller,17-10-2003,78437
1695,Thomas Bose,2,Customer Service,02-08-2006,136698
1696,Charles Smith,74,Teller,15-08-2023,134882
1697,Divya Smith,92,Teller,04-08-2006,68524
1698,Jennifer Chatterjee,10,Customer Service,31-03-2009,34423
1699,Sarah Brown,68,Teller,25-12-2015,112507
1700,Michael Jones,90,Customer Service,28-07-2002,89980
1701,Divya Nair,92,Teller,28-10-2006,158007
1702,Vikram Mehta,18,Customer Service,09-06-2004,82412
1703,Anita Miller,42,Customer Service,29-06-2023,65927
1704,Thomas Patel,37,Customer Service,15-09-2023,158747
1705,Michael Singh,96,Teller,17-03-2019,139868
1706,Deepak Patel,50,Customer Service,13-04-2006,121991
1707,Neha Verma,86,Compliance Officer,01-09-2015,173002
1708,Susan Williams,110,Teller,30-10-2016,147015
1709,Thomas Patel,120,Teller,04-02-2022,159668
1710,Rahul Bose,28,Relationship Manager,20-12-2003,149448
1711,Rahul Mehta,136,Teller,17-09-2018,89031
1712,Charles Desai,25,Customer Service,06-12-2004,37478
1713,Richard Brown,4,Customer Service,15-06-2014,120295
1714,Arjun Smith,7,Teller,06-05-2022,144263
1715,Neha Reddy,31,Customer Service,30-07-2001,178749
1716,Sneha Garcia,131,Customer Service,06-10-2003,131604
1717,John Rao,32,Teller,31-08-2020,114402
1718,Karen Joshi,105,Relationship Manager,23-06-2000,115508
1719,Vikram Sharma,63,Teller,31-05-2017,45484
1720,Kiran Reddy,6,Loan Officer,22-10-2008,29120
1721,Rohan Singh,67,Relationship Manager,04-12-2021,34905
1722,Joseph Jones,5,Teller,29-07-2021,165541
1723,Priya Desai,72,Relationship Manager,11-02-2000,148127
1724,Linda Miller,84,Teller,04-04-2003,67546
1725,Patricia Bose,79,Loan Officer,23-09-2002,92391
1726,Arjun Kapoor,43,Teller,18-12-2024,101509
1727,Meera Jones,115,Customer Service,03-03-2015,65515
1728,Ritu Kumar,90,Customer Service,14-03-2017,92246
1729,Amit Garcia,39,Relationship Manager,13-11-2005,80846
1730,Mary Rao,66,Compliance Officer,14-08-2021,133607
1731,Meera Pillai,17,Customer Service,14-05-2018,143120
1732,Charles Pillai,139,Customer Service,12-02-2019,42961
1733,Barbara Desai,113,Branch Manager,25-11-2011,98717
1734,Anjali Iyer,44,Relationship Manager,29-09-2017,178667
1735,Pooja Reddy,102,Customer Service,29-10-2013,160011
1736,Pooja Martinez,102,Relationship Manager,09-10-2009,148652
1737,Barbara Joshi,92,Teller,09-02-2015,139708
1738,Meera Iyer,9,Loan Officer,29-03-2008,28657
1739,Charles Malhotra,132,Customer Service,20-03-2024,176050
1740,Rohan Sharma,144,Teller,12-10-2018,139748
1741,Pooja Chopra,147,Teller,20-03-2018,163052
1742,Arjun Miller,148,Compliance Officer,24-05-2011,166152
1743,Linda Chopra,140,Loan Officer,13-04-2005,66691
1744,Richard Johnson,111,Teller,14-06-2014,30100
1745,Joseph Brown,9,Teller,06-10-2001,128177
1746,Kiran Sharma,70,Loan Officer,27-06-2007,97764
1747,Rahul Iyer,37,Customer Service,08-08-2014,31122
1748,Jessica Kumar,33,Relationship Manager,10-06-2012,69162
1749,Pooja Sharma,125,Compliance Officer,02-12-2023,178648
1750,Pooja Smith,122,Customer Service,07-08-2015,83232
1751,Thomas Martinez,79,Customer Service,16-06-2010,67672
1752,Thomas Patel,111,Teller,05-11-2010,127491
1753,Anjali Reddy,20,Relationship Manager,18-07-2015,129048
1754,Amit Kapoor,34,Teller,09-02-2020,78480
1755,Michael Davis,130,Teller,11-01-2007,157071
1756,Rahul Mehta,68,Compliance Officer,09-11-2014,116206
1757,Sneha Mehta,82,Relationship Manager,10-08-2014,52390
1758,Anita Malhotra,70,Teller,28-03-2000,77397
1759,Rahul Nair,31,Customer Service,14-03-2023,156877
1760,Deepak Bose,124,Loan Officer,25-06-2014,41577
1761,Susan Miller,114,Teller,25-02-2006,29861
1762,Sarah Kumar,103,Teller,07-02-2016,127788
1763,Linda Johnson,53,Teller,24-03-2017,95180
1764,Neha Brown,97,Branch Manager,06-04-2023,66430
1765,Thomas Chatterjee,143,Loan Officer,12-11-2000,99749
1766,Joseph Iyer,98,Branch Manager,07-07-2010,55904
1767,Kavya Mehta,75,Teller,30-07-2004,84861
1768,Thomas Mehta,41,Relationship Manager,07-08-2014,63553
1769,Karen Singh,79,Customer Service,30-09-2012,117130
1770,Charles Davis,56,Relationship Manager,27-01-2012,130392
1771,David Garcia,92,Teller,16-12-2024,167056
1772,Jennifer Johnson,7,Customer Service,06-07-2013,38297
1773,Manoj Chatterjee,29,Relationship Manager,12-06-2010,77702
1774,Patricia Miller,119,Teller,16-09-2001,68195
1775,Susan Rao,58,Teller,12-05-2007,116047
1776,Arjun Patel,65,Teller,21-10-2022,109035
1777,Jennifer Jones,82,Teller,24-06-2011,161374
1778,Neha Gupta,66,Loan Officer,20-02-2023,167690
1779,Pooja Williams,114,Teller,15-07-2013,145495
1780,Arjun Garcia,37,Teller,05-12-2013,58234
1781,Richard Jones,114,Customer Service,04-12-2010,34191
1782,James Bose,32,Teller,22-02-2014,164672
1783,Anjali Rao,56,Teller,11-09-2001,171304
1784,Susan Joshi,89,Customer Service,18-06-2001,66058
1785,Manoj Patel,133,Teller,03-02-2012,35090
1786,William Miller,35,Teller,13-03-2015,131451
1787,Michael Mehta,89,Teller,31-12-2013,117491
1788,Sanjay Joshi,10,Teller,27-11-2010,163102
1789,Kiran Nair,12,Loan Officer,22-06-2007,115453
1790,Suresh Smith,116,Teller,08-01-2018,143572
1791,Pooja Martinez,108,Teller,13-03-2001,147531
1792,David Joshi,57,Compliance Officer,01-07-2011,29488
1793,Deepak Nair,94,Relationship Manager,25-01-2018,50563
1794,Arjun Pillai,58,Teller,06-12-2019,146561
1795,Linda Nair,42,Teller,17-04-2007,55264
1796,Jennifer Smith,65,Loan Officer,05-07-2023,59331
1797,Suresh Desai,47,Relationship Manager,24-07-2016,142320
1798,Barbara Chopra,123,Relationship Manager,14-02-2011,59085
1799,Sanjay Kumar,62,Teller,09-12-2015,50724
1800,Jennifer Menon,49,Teller,24-02-2022,30049
